film_id,imdb_id,poster_url
00e2e781-7af9-4f82-b4e9-14a488a3e184,tt0163282,https://m.media-amazon.com/images/M/MV5BYjE0NDZjN2ItZWI1YS00OTc2LWE4YTQtYWFmOWY5Zjg5MmI2XkEyXkFqcGc@._V1_QL75_UX400_.jpg
01ab9e34-4ceb-4337-bb69-68a1b0de46b2,tt1278004,https://m.media-amazon.com/images/M/MV5BZDg5MjJhNDYtMTRkZi00OGY3LWI0NzYtMjc0MDgxZGUxNzY4XkEyXkFqcGc@._V1_QL75_UX400_.jpg
01cd80e2-5db8-4914-9a80-74f15a3a1a24,tt0098081,https://m.media-amazon.com/images/M/MV5BZGMxOGFlYTQtNGJkNC00YTVmLWJmZmMtOTlmZjkyYWI3Y2MyXkEyXkFqcGc@._V1_QL75_UX400_.jpg
01f81c66-d968-4375-bbb0-65103aa214d1,tt1535097,https://m.media-amazon.com/images/M/MV5BMTI2NDIzMjAxNl5BMl5BanBnXkFtZTcwNTM1NTQwMw@@._V1_QL75_UX400_.jpg
0236282f-8ea5-418e-ab9b-13662a4688a9,tt0181196,https://m.media-amazon.com/images/M/MV5BYzY1MDU5YTYtYjlkNi00ZmRlLTlkY2YtMmMyNWE4ZmYxNGYxXkEyXkFqcGc@._V1_QL75_UX400_.jpg
025c58cd-1b7e-43be-9ffb-8571a613579b,tt0086190,https://m.media-amazon.com/images/M/MV5BNWEwOTI0MmUtMGNmNy00ODViLTlkZDQtZTg1YmQ3MDgyNTUzXkEyXkFqcGc@._V1_QL75_UX400_.jpg
027ba6c5-d805-402a-addf-484b34292625,tt5126178,https://m.media-amazon.com/images/M/MV5BZDAwNWNkMTAtYzkxMC00NTAwLWI1MGYtYjJmNjMzZDM0ODAwXkEyXkFqcGc@._V1_QL75_UX400_.jpg
02c24a84-1667-4f98-b459-f08933befa3d,tt0049793,https://m.media-amazon.com/images/M/MV5BOWFiYzFhOGUtOGZkZS00OGEzLTg0ZWQtMmVmYmVjNTllZTIyXkEyXkFqcGc@._V1_QL75_UX400_.jpg
0312ed51-8833-413f-bff5-0e139c11264a,tt0080684,https://m.media-amazon.com/images/M/MV5BMTkxNGFlNDktZmJkNC00MDdhLTg0MTEtZjZiYWI3MGE5NWIwXkEyXkFqcGc@._V1_QL75_UX400_.jpg
0352be33-bb3a-455b-80dd-444202dff23d,tt2261434,https://m.media-amazon.com/images/M/MV5BNWU0MDc3ODctYmNlMS00OGExLWJmZjItYzk4NGI0MjgwMTVlXkEyXkFqcGc@._V1_QL75_UX400_.jpg
035c0aa4-ab66-4088-af9e-b66e76e90059,tt0356069,https://m.media-amazon.com/images/M/MV5BNzIyYzlhODQtZTQxNC00NTMxLTg0ODMtYTkzZWM3NzQxNGM1XkEyXkFqcGc@._V1_QL75_UX400_.jpg
0441036a-b238-47ad-9ff5-03e04fe2b979,tt9159184,https://m.media-amazon.com/images/M/MV5BYzU0ZDYyMGYtOGFiYy00YTA0LWI3MTAtMDdjNjhiNzg0OWI1XkEyXkFqcGc@._V1_QL75_UX400_.jpg
04b4f5a0-843c-42e8-bbaf-405425b221f1,tt3220328,https://m.media-amazon.com/images/M/MV5BMGE5ODI5YjctMGY0ZC00NWI2LTk1ZjAtNmQ1ZmQ2MWU0ZTgyXkEyXkFqcGc@._V1_QL75_UX400_.jpg
05cb6517-a039-47ae-acd9-b1fc1fb6d7c2,tt8351198,https://m.media-amazon.com/images/M/MV5BOTY3NTMxMmItODQyNC00NmUwLWI5MTQtMTM0OWY5OTdiYjg5XkEyXkFqcGc@._V1_QL75_UX400_.jpg
05d7341e-e367-4e2e-acf5-4652a8435f93,tt8764970,https://m.media-amazon.com/images/M/MV5BMzJkN2ZhZDItZWNhNS00OTcwLTg3YmItOTBhYWE3YWQwMTA4XkEyXkFqcGc@._V1_QL75_UX400_.jpg
064cc5d2-0b73-422d-92f8-1a418d583954,tt0815208,https://m.media-amazon.com/images/M/MV5BMTIzNjkxNjMxNV5BMl5BanBnXkFtZTcwODI3MDA1MQ@@._V1_QL75_UX400_.jpg
0657217e-9efa-48fe-be08-6ca29bcaf042,tt3163364,https://m.media-amazon.com/images/M/MV5BNDY0MmIwYjYtMzFlZi00ODZiLWJkMzUtYzI1MDBmZjI2MmIwXkEyXkFqcGc@._V1_QL75_UX400_.jpg
0659e0e6-504e-4482-8aa9-f7530f36cae2,tt5359618,https://m.media-amazon.com/images/M/MV5BZGU0Njk5NDQtODc1Ni00NGUyLWJhZWMtZTI2MTYwYWZkYmYwXkEyXkFqcGc@._V1_QL75_UX400_.jpg
06bd9964-5617-460b-a1bf-74542e89fe43,tt0274890,https://m.media-amazon.com/images/M/MV5BMTM2MDQ4NDc0N15BMl5BanBnXkFtZTcwNDU1OTAyMQ@@._V1_QL75_UX400_.jpg
075587eb-91c1-4629-adcb-67c516cdb6eb,tt1556226,https://m.media-amazon.com/images/M/MV5BYjVhOWYxODAtZjdjZi00MDcxLWIwNjUtODJjYWQ1NWJmNjliXkEyXkFqcGc@._V1_QL75_UX400_.jpg
0776b9e0-596b-4cef-b95e-ee63429403d1,tt0984009,https://m.media-amazon.com/images/M/MV5BMTg3MjY1Mzk0M15BMl5BanBnXkFtZTgwNzY3MTA2MDE@._V1_QL75_UX400_.jpg
077bd537-3d97-42d5-8d77-19c17426fe76,tt0281224,https://m.media-amazon.com/images/M/MV5BYzMzZTVhYWUtOTgyMy00ZTVhLTg2ZjQtNjc4Y2ZlYzhkN2EyXkEyXkFqcGc@._V1_QL75_UX400_.jpg
07b2a2bb-81b8-418e-89ad-b4fb359c6d9a,tt3045810,https://m.media-amazon.com/images/M/MV5BMTQ0OTYwOTE4M15BMl5BanBnXkFtZTgwMjc0NjAzMTE@._V1_QL75_UX400_.jpg
07b7923f-7238-4413-89ca-632cc2243156,tt5329190,https://m.media-amazon.com/images/M/MV5BOThlZDRjZDgtZWNiMS00NTFlLTkyNjUtNjY2YjgwYTM5YzJlXkEyXkFqcGc@._V1_QL75_UX400_.jpg
07bad56a-4b46-4dd8-a594-64fac39f4fb0,tt1041244,https://m.media-amazon.com/images/M/MV5BMDBlNGJiZTAtZDc1Ni00NzZiLWI5MzEtYTU2ZjBiMzQyODUyXkEyXkFqcGc@._V1_QL75_UX400_.jpg
07eb0a2b-b651-446b-895b-2718bd318ce8,tt0376208,https://m.media-amazon.com/images/M/MV5BOTUwNjMwYjQtOTc5OS00Mzg3LTlhZDgtNWIyMjRiNjlkNzBiXkEyXkFqcGc@._V1_QL75_UX400_.jpg
08002477-4b59-43ed-a1d1-50688fde338f,tt0152073,https://m.media-amazon.com/images/M/MV5BYzFlOWNjYzAtZDQ2My00Nzc3LWI1MTEtNTE4MThmYTFjNDlhXkEyXkFqcGc@._V1_QL75_UX400_.jpg
08a588bd-5eeb-4cf3-8a42-f20195a02c25,tt0200172,https://m.media-amazon.com/images/M/MV5BY2M0ZTA0NTItOTdiMy00M2UwLWIzNWItMjAwMmMyOWZhOTViXkEyXkFqcGc@._V1_QL75_UX400_.jpg
08c25ef9-cbd3-4368-8887-9ef884334750,tt0301253,https://m.media-amazon.com/images/M/MV5BMTI1MjUxOTM0NF5BMl5BanBnXkFtZTcwNzc0MzAyMQ@@._V1_QL75_UX400_.jpg
0993dde6-034e-46a5-8625-3a68615884ef,tt1089019,https://m.media-amazon.com/images/M/MV5BOGJmMmI0MjAtMzA1Yi00OWZjLWFiZWEtNjgwYTdjY2IwNTNjXkEyXkFqcGc@._V1_QL75_UX400_.jpg
09f069e1-bb3d-4956-8e9d-a82d93c41bc2,tt2243998,https://m.media-amazon.com/images/M/MV5BMTQwOTUxMjg3NF5BMl5BanBnXkFtZTcwODMyMjIzOA@@._V1_QL75_UX400_.jpg
0aad2df4-9afc-4592-8614-f37da9319ad0,tt2907908,https://m.media-amazon.com/images/M/MV5BMTYwNDAzNzgyOF5BMl5BanBnXkFtZTgwMTgwMjEwMjE@._V1_QL75_UX400_.jpg
0b227836-c56b-4c9e-b9d9-28be310e6182,tt0209514,https://m.media-amazon.com/images/M/MV5BODNjMTY1YzQtYWFhNS00NzdkLWJkNGItMjBkYTg2NjY1OWNmXkEyXkFqcGc@._V1_QL75_UX400_.jpg
0ba663d3-ecb7-4528-9e1a-03cf8da143a0,tt6105990,https://m.media-amazon.com/images/M/MV5BMTljNGVjOWMtMTUxZi00MzFlLWIzNzMtOTFlYTY0YWIwMjY0XkEyXkFqcGc@._V1_QL75_UX400_.jpg
0c63fc65-3fc2-48f3-875e-9e373f251d3c,tt9680524,https://m.media-amazon.com/images/M/MV5BODY2Y2I5ZjYtN2FhZi00YjZiLWFjN2UtZDUyN2VhMDY2ZTYxXkEyXkFqcGc@._V1_QL75_UX400_.jpg
0d03e753-cec7-4822-81f8-ec0499fb09d7,tt0319890,https://m.media-amazon.com/images/M/MV5BMWE2NWYxOTYtOGU1Yi00MDk5LWJiM2UtN2VhNGJmYjdkMTdiXkEyXkFqcGc@._V1_QL75_UX400_.jpg
0d5e1522-cc03-454b-b501-085348206b81,tt1193455,https://m.media-amazon.com/images/M/MV5BOGE4ZTg0YTAtN2FjMS00YzQ3LTg5ZTYtNzFkNjk2ZmQ1NzJhXkEyXkFqcGc@._V1_QL75_UX400_.jpg
0d79e7f3-842f-4006-aa1c-f18e4e76abbe,tt0166817,https://m.media-amazon.com/images/M/MV5BMTM2OTg0NTk2Nl5BMl5BanBnXkFtZTcwMDkyMTM4NA@@._V1_QL75_UX400_.jpg
0e241ef3-cdb6-4d53-bca7-204eecebe947,tt1056446,https://m.media-amazon.com/images/M/MV5BMTE5MmE2MDMtMGJlZi00ZGUyLWI5NTYtZmEzM2FjNjg2ZGU1XkEyXkFqcGc@._V1_QL75_UX400_.jpg
0e60f41c-cdc2-4556-ae73-a517fbbe230a,tt15488962,https://m.media-amazon.com/images/M/MV5BZGYzMDhkNjktOWUzYi00N2ExLTg1ZGEtMTJhYTUyMGFiNjU0XkEyXkFqcGc@._V1_QL75_UX400_.jpg
0e85052a-1c20-402d-ab95-5745fb3632c5,tt1310637,https://m.media-amazon.com/images/M/MV5BNzgwNzM0MjA4Ml5BMl5BanBnXkFtZTcwODI1NzE5OQ@@._V1_QL75_UX400_.jpg
0e9d88fd-d01c-48d4-a8b4-c78ca873229f,tt0825348,https://m.media-amazon.com/images/M/MV5BMWRhOGFiYWUtOWI0OC00MGY2LTllZjItMDlhY2I4MjIyZjRiXkEyXkFqcGc@._V1_QL75_UX400_.jpg
0f05c4a6-7fc6-4b2a-9ecc-551979316aea,tt0220472,https://m.media-amazon.com/images/M/MV5BMzY4MTFmMzctODg5MS00OTM1LWE4YTYtNDBkMDY3M2JmOTNmXkEyXkFqcGc@._V1_QL75_UX400_.jpg
0f077655-86d0-480b-ba37-a74bcbd786d6,tt0388729,https://m.media-amazon.com/images/M/MV5BOTEyM2Q3N2EtNzRkYS00YTcwLTg1MWYtNzk4MGY4ZGJhMGUyXkEyXkFqcGc@._V1_QL75_UX400_.jpg
0f83f470-41d0-42c1-b6bb-aedea263cb4c,tt9353248,https://m.media-amazon.com/images/M/MV5BNWJiOTliNGEtZTcxNi00M2YzLWI2MDUtNTM5NmMyMjYyMjE3XkEyXkFqcGc@._V1_QL75_UX400_.jpg
0fa47a8e-1574-4619-9170-1a7aa139f416,tt0461035,https://m.media-amazon.com/images/M/MV5BNTc3NWRkOWMtOTQ0OS00ZjBkLWJiZTctZmQ4ZDgyMGRiODI0XkEyXkFqcGc@._V1_QL75_UX400_.jpg
0fcfe6c1-8b9e-444c-b458-2787af80533c,tt0386799,https://m.media-amazon.com/images/M/MV5BYWYyNTQ1YjktMjk2Ny00MWUzLThmYzYtYzUzYWZmZGViZDdiXkEyXkFqcGc@._V1_QL75_UX400_.jpg
101f757a-df82-4f5e-bb2f-a217746f2c42,tt3477996,https://m.media-amazon.com/images/M/MV5BODI2Y2ZjZGItN2Y5ZS00MDEzLWI1N2MtYmYxOTczN2I5Yjg3XkEyXkFqcGc@._V1_QL75_UX400_.jpg
105a5dfc-a30d-46ea-91b4-e2fb466482d9,tt0493448,https://m.media-amazon.com/images/M/MV5BNTFjNTcyNmYtZTc1ZS00N2RlLTkzZDEtZWMyNGJiZTA3ODBiXkEyXkFqcGc@._V1_QL75_UX400_.jpg
1145f9ee-5344-4e57-81d0-5b085f3d0808,tt4607112,https://m.media-amazon.com/images/M/MV5BMTY1MTEwOTIwMF5BMl5BanBnXkFtZTgwMDc0ODM0NzM@._V1_QL75_UX400_.jpg
118fd71b-93cd-4de5-95a4-e1485edad30e,tt3748528,https://m.media-amazon.com/images/M/MV5BMjEwMzMxODIzOV5BMl5BanBnXkFtZTgwNzg3OTAzMDI@._V1_QL75_UX400_.jpg
11a73cea-3122-427a-bad9-81d8a19a2a9b,tt1900986,https://m.media-amazon.com/images/M/MV5BMDAzMWNmNzgtMzdjNy00Mjk4LWI3NjctNDlkZmZkYzMzZjIxXkEyXkFqcGc@._V1_QL75_UX400_.jpg
11b75468-afb6-4721-bd4f-2eccffc546c2,tt0120197,https://m.media-amazon.com/images/M/MV5BZjQyNDhiZTEtNzM1MS00YmIxLWIzNmYtNzAyZGQ5YWJjZDEyXkEyXkFqcGc@._V1_QL75_UX400_.jpg
12a8279d-d851-4eb9-9d64-d690455277cc,tt2527336,https://m.media-amazon.com/images/M/MV5BMjQ1MzcxNjg4N15BMl5BanBnXkFtZTgwNzgwMjY4MzI@._V1_QL75_UX400_.jpg
12fa1213-c3de-4b62-a3b6-8c939e2addcf,tt0105464,https://m.media-amazon.com/images/M/MV5BYzY5YTg5MDgtMTAzYy00NDk0LWFkYWMtMTcyMWU2MzJjNjExXkEyXkFqcGc@._V1_QL75_UX400_.jpg
134989c3-3b20-4ae7-8092-3e8ad2333d59,tt0193524,https://m.media-amazon.com/images/M/MV5BNTgzOTdlOTEtYWE4Zi00MGZlLTgxOTYtMzk2ZmJjNzZmZDNiXkEyXkFqcGc@._V1_QL75_UX400_.jpg
13ab1171-d463-49b5-be86-e64034047cf5,tt6268734,https://m.media-amazon.com/images/M/MV5BM2UwMmZiMGMtZDZlNS00N2Q2LTlkNTQtZWQ5NTM5YWI5YTY0XkEyXkFqcGc@._V1_QL75_UX400_.jpg
140844e9-221f-4e89-838c-fac4f8ef2a9f,tt0473647,https://m.media-amazon.com/images/M/MV5BYTEzN2JiM2QtNGRmMC00YWQ4LWFkMWUtODE4MDdjY2Y2M2I5XkEyXkFqcGc@._V1_QL75_UX400_.jpg
14c12b1d-ccd6-4c03-a0b3-52b0e25da6dd,tt0047523,https://m.media-amazon.com/images/M/MV5BNzA2YmFiOTQtMGJlZi00NWQyLWExYTYtOTkzZTJiYmY2N2E5XkEyXkFqcGc@._V1_QL75_UX400_.jpg
15504dc5-e5ec-445e-bc84-98f928eeae70,tt0378242,https://m.media-amazon.com/images/M/MV5BYTU0Y2M3YzAtYzJhMi00ODQ3LWJmMGItNGU1NzJiMDRiODFmXkEyXkFqcGc@._V1_QL75_UX400_.jpg
15667b7c-337f-4c00-b1c8-a066884fc56e,tt0049792,https://m.media-amazon.com/images/M/MV5BZGY0MjhlYTctMWRiYi00NDVmLWEzNzktYjJmZGM3OThkNzk3XkEyXkFqcGc@._V1_QL75_UX400_.jpg
15afdc8b-381f-4bcb-9530-59113d10b5cb,tt0203946,https://m.media-amazon.com/images/M/MV5BYTBlY2U2MTAtYTNiNS00MjAwLTg1OWYtM2MzY2FhZWJmNWNiXkEyXkFqcGc@._V1_QL75_UX400_.jpg
15c8d623-7b06-48a9-8cdb-feedfbf6e994,tt1634058,https://m.media-amazon.com/images/M/MV5BZTEyYTJjMzYtMmI5YS00NTE5LTlkYTktOTYwM2I1YzU0NzViXkEyXkFqcGc@._V1_QL75_UX400_.jpg
166338ea-9fae-4806-aefc-1fd890a44903,tt3044664,https://m.media-amazon.com/images/M/MV5BMTg2NTUxNDgxOV5BMl5BanBnXkFtZTgwOTc3MjQ1NzE@._V1_QL75_UX400_.jpg
17f634cd-9581-4ba1-b40b-89ee058c3f55,tt0241986,https://m.media-amazon.com/images/M/MV5BMmYzODNkM2QtYTMxYi00NjVhLWFlZGMtZDVkYmZmNDk0M2RlXkEyXkFqcGc@._V1_QL75_UX400_.jpg
17faad49-185d-4dba-88d9-93f4692a6765,tt5270738,https://m.media-amazon.com/images/M/MV5BNGMwNjA1MDMtZTI5Yi00MTc1LWFmNWEtZmMyOTY3MTNjNzRiXkEyXkFqcGc@._V1_QL75_UX400_.jpg
181c2b64-4b8e-45b0-8b2e-ea71a2b34285,tt0420416,https://m.media-amazon.com/images/M/MV5BY2FlOTQ5NmEtYzNiMC00ZDNjLWE0N2EtZGQ1ZGNlZjUxOGQ2XkEyXkFqcGc@._V1_QL75_UX400_.jpg
184eeea3-c91a-43f9-9a8b-d6ab8dfb9bf3,tt0078631,https://m.media-amazon.com/images/M/MV5BMTU0Njc0NzkxNl5BMl5BanBnXkFtZTcwOTc5Nzc0MQ@@._V1_QL75_UX400_.jpg
18c21a03-3127-4746-a5f0-4439612f56b7,tt0089297,https://m.media-amazon.com/images/M/MV5BOTE3MWEwYTAtMDM2OS00OWNlLTgzNjctYmYzYWVhZWU4Y2I3XkEyXkFqcGc@._V1_QL75_UX400_.jpg
18d17e32-bdcd-429c-9a50-b596c147b336,tt0901514,https://m.media-amazon.com/images/M/MV5BMTQ2NDAzNzk1MV5BMl5BanBnXkFtZTcwNjc0ODU0MQ@@._V1_QL75_UX400_.jpg
1917e948-d6b7-457e-b450-d4bbdc678474,tt0246253,https://m.media-amazon.com/images/M/MV5BYThlODRjOWQtMzA4Ny00YzBkLTg1OWMtMzRmNDQ1MTdkMzcyXkEyXkFqcGc@._V1_QL75_UX400_.jpg
192b3fc9-97e2-4260-91c6-a9b91a41e520,tt0325258,https://m.media-amazon.com/images/M/MV5BMjU5MDJkNzMtZDY1ZS00MzlmLThhYjMtYzQzNWMwYmM1MzQ3XkEyXkFqcGc@._V1_QL75_UX400_.jpg
196804b8-a035-4fbe-afa4-59ccdfde8d65,tt2492648,https://m.media-amazon.com/images/M/MV5BMjI2NjExMTQ3OV5BMl5BanBnXkFtZTcwMzQwNTA3OA@@._V1_QL75_UX400_.jpg
19867a14-5e9e-481c-ab25-10f386a6faef,tt0189110,https://m.media-amazon.com/images/M/MV5BYjI4YTI2NDUtZmZkZi00ZDlmLTk0MzUtY2FhYjgzYmE2MjNlXkEyXkFqcGc@._V1_QL75_UX400_.jpg
198c9111-fdce-470d-8369-d8a29a85b254,tt6750162,https://m.media-amazon.com/images/M/MV5BNTFjYWY2ZWQtYjBjMC00MWMwLTk0YTAtZjdiODk4ZjdkNjE1XkEyXkFqcGc@._V1_QL75_UX400_.jpg
19babc93-62f5-481a-b6fe-9ebfef689cbc,tt1039988,https://m.media-amazon.com/images/M/MV5BNTk2NGJiZTMtNjEyMi00NWE4LWFlYWItYmE1YTAwZmZmNWI2XkEyXkFqcGc@._V1_QL75_UX400_.jpg
19d6b54f-8519-4147-baeb-125d05661395,tt0058025,https://m.media-amazon.com/images/M/MV5BMjAwMTA2NTQzOV5BMl5BanBnXkFtZTcwNTg1NTIyMQ@@._V1_QL75_UX400_.jpg
1a3407d1-0ad8-4882-a2dd-1fd37555ace6,tt0021873,https://m.media-amazon.com/images/M/MV5BNDk2YzM3MzEtMDRiOC00ZTY0LTgwZTUtYjNhNzQ1YjlmOWU5XkEyXkFqcGc@._V1_QL75_UX400_.jpg
1a3c33ac-762b-442e-b84c-1d0af86a00d8,tt0462554,https://m.media-amazon.com/images/M/MV5BNTIxNzQ0ZjMtOTg1MC00NDgxLTg3ZTctNzgyYmIzZGY3MjEyXkEyXkFqcGc@._V1_QL75_UX400_.jpg
1a9d68b3-885c-4f01-b3e7-6832d21ddc57,tt4591840,https://m.media-amazon.com/images/M/MV5BNjcxMDU4ODg5N15BMl5BanBnXkFtZTgwODc2MjU5OTE@._V1_QL75_UX400_.jpg
1b7d7c64-8be8-47db-8924-23029a9878a9,tt0092007,https://m.media-amazon.com/images/M/MV5BYmZlYWYwMzUtMjYzMy00MWI1LTg3MDctOTdjYjA2MDkwNGU5XkEyXkFqcGc@._V1_QL75_UX400_.jpg
1ca9a4b7-d78d-4cee-b590-c99c063bbd67,tt1801803,https://m.media-amazon.com/images/M/MV5BNWE2ZDk2MzEtYTViZS00NTMxLWE0MTEtYTA0NDY0M2MyM2FmXkEyXkFqcGc@._V1_QL75_UX400_.jpg
1d2fb7ce-8b65-4c71-87d8-bea2dfc36a75,tt1850322,https://m.media-amazon.com/images/M/MV5BOTQwNTc1OWQtYWUzNC00ZWY2LWIxOGYtODYxNTI1OTdlMGQ5XkEyXkFqcGc@._V1_QL75_UX400_.jpg
1d42ceae-9397-475c-9517-e94dda7bc2a1,tt5613052,https://m.media-amazon.com/images/M/MV5BYjljNDdlYWMtMDk0ZS00NDQ4LTgzOWQtZDllZmQ0YjMwNDdiXkEyXkFqcGc@._V1_QL75_UX400_.jpg
1d811246-a405-42da-b34e-599bd10f7aec,tt6683598,https://m.media-amazon.com/images/M/MV5BMWRlNGZkMjgtMGE5NS00MGU1LWFhY2YtZDA4ODIwNGViMGFkXkEyXkFqcGc@._V1_QL75_UX400_.jpg
1dcfed00-a0a1-4042-9811-66d7eb5d94bb,tt5199836,https://m.media-amazon.com/images/M/MV5BZmVjM2RiNDgtNmNmZS00MGE3LWFmZWMtNTI0YzEzNTYzYWQ2XkEyXkFqcGc@._V1_QL75_UX400_.jpg
1e088341-97e1-4eff-a5b1-0e0113274394,tt4170810,https://m.media-amazon.com/images/M/MV5BMTQ2NDU2ODQ1MF5BMl5BanBnXkFtZTgwNTUyMjM3NjE@._V1_QL75_UX400_.jpg
2091fc45-78f1-493c-9da7-47ead3aca31b,tt0446038,https://m.media-amazon.com/images/M/MV5BMTY5MzE2MTcxOV5BMl5BanBnXkFtZTcwNjMxNDgyMQ@@._V1_QL75_UX400_.jpg
20b75814-3ec6-4372-8117-57e354a7f3e2,tt0160345,https://m.media-amazon.com/images/M/MV5BNjM5OWViZjItZDUwMC00N2UyLTkwNDItNWY1YzA3NmM2YzQyXkEyXkFqcGc@._V1_QL75_UX400_.jpg
21371dea-02cd-4936-853b-cb42651cca86,tt7542026,https://m.media-amazon.com/images/M/MV5BMGI2ZTg1MGQtN2I0NS00ZDRlLWI0M2EtOTViOTUzMzk3NTQ5XkEyXkFqcGc@._V1_QL75_UX400_.jpg
21d3123e-76f1-41eb-871a-706debe7b243,tt3854562,https://m.media-amazon.com/images/M/MV5BM2VjNDAyNDgtNThjYy00YmUxLTljNDctOGY5MzI4YWYzYWM0XkEyXkFqcGc@._V1_QL75_UX400_.jpg
2269210f-9039-454c-ac8b-cf3d5ded9dfc,tt0978717,https://m.media-amazon.com/images/M/MV5BMjA4MzMzMzUwM15BMl5BanBnXkFtZTcwNDA5MDg5MQ@@._V1_QL75_UX400_.jpg
22cd1a60-c386-462f-b5a3-e421b354226f,tt4367186,https://m.media-amazon.com/images/M/MV5BMjI5ODgzMjE2OF5BMl5BanBnXkFtZTgwNDQ4NzI3NDE@._V1_QL75_UX400_.jpg
22d50530-14d5-483e-a063-246e92c8c14f,tt0197626,https://m.media-amazon.com/images/M/MV5BNTA2YWE3NTctZTYzYy00MTQ4LThjZGQtYTdhY2FkZGVjMzg3XkEyXkFqcGc@._V1_QL75_UX400_.jpg
22f70827-dedf-41f7-918f-97d2155aed07,tt1966450,https://m.media-amazon.com/images/M/MV5BNzdhNjRlMjMtZjg0OS00YWEzLTkyZDUtZmJlMDdjN2IzMWZkXkEyXkFqcGc@._V1_QL75_UX400_.jpg
2330ec4f-d7f0-4f5a-b5ae-5d6d88aff0d4,tt1415292,https://m.media-amazon.com/images/M/MV5BYzYzOWQ0ZjAtOWViNS00N2Q4LThmNjctNDU5MzAxM2NhMjAyXkEyXkFqcGc@._V1_QL75_UX400_.jpg
2361a041-709b-41c7-b34f-9d9142744085,tt2215121,https://m.media-amazon.com/images/M/MV5BNjk1NDE0NDkxOV5BMl5BanBnXkFtZTgwMDg2MDk4MDE@._V1_QL75_UX400_.jpg
23d9e50e-5a74-4add-b844-6143b5447ee2,tt5512160,https://m.media-amazon.com/images/M/MV5BM2M2OTEzYjUtYjYxZS00YjE3LTg2NTQtN2QzZjlhYzVmODQ2XkEyXkFqcGc@._V1_QL75_UX400_.jpg
248041f8-8c65-4539-b684-e8f4cd01d10f,tt27217764,https://m.media-amazon.com/images/M/MV5BN2EwOTI2MzYtM2FkNS00OTIwLTg0NTEtYzliOTJmODdmMjkxXkEyXkFqcGc@._V1_QL75_UX400_.jpg
24eafcd7-1018-4951-9e17-583e2554ef0a,tt0277347,https://m.media-amazon.com/images/M/MV5BNDUxZGU0ODQtYWIzZi00ZjE1LWJlMGQtYzQ3NmU4YmM2MzM4XkEyXkFqcGc@._V1_QL75_UX400_.jpg
24ef3514-6def-46ff-bf8e-c9bb91aafdfd,tt2928446,https://m.media-amazon.com/images/M/MV5BN2U1MzIyZGItNmRmOC00N2EyLWI3ZmEtY2EyM2MxNzBjMTZlXkEyXkFqcGc@._V1_QL75_UX400_.jpg
25cc45ab-5662-484c-9602-00362770ae88,tt1714850,https://m.media-amazon.com/images/M/MV5BZjUwNmNkMDgtNGVhZi00NjA5LWI0MjAtZjYwZWUwNGZiZjVhXkEyXkFqcGc@._V1_QL75_UX400_.jpg
25fd2547-d006-49b2-b673-e6dae7f45dad,tt1966449,https://m.media-amazon.com/images/M/MV5BY2MzNWMxNmItZDhlNS00ZWU5LTgwOTMtYWRhM2U2ZWJiYzIwXkEyXkFqcGc@._V1_QL75_UX400_.jpg
2680437f-dd09-49c2-a72c-06139a1c89bb,tt0083484,https://m.media-amazon.com/images/M/MV5BNGU5NmQ0YzEtOTBkYS00MjE0LTliOWItY2JiNGQ1YzhmMWYxXkEyXkFqcGc@._V1_QL75_UX400_.jpg
26cd91c7-0448-4978-98d6-135ba310d51d,tt0756217,https://m.media-amazon.com/images/M/MV5BYTA2N2IwOTgtMzQ1MS00ZDMzLWIwZmEtZjAyYTU4MjViZjgwXkEyXkFqcGc@._V1_QL75_UX400_.jpg
26d9ff12-5110-4ab4-bb04-a4ca55729503,tt0416240,https://m.media-amazon.com/images/M/MV5BZDI2YzA4NjAtYzljYi00NzM5LWJjMTItNjBlYmFmNjY5NWM5XkEyXkFqcGc@._V1_QL75_UX400_.jpg
26e7f2cd-2ab5-4ca5-bedd-5fbb81a12973,tt0328475,https://m.media-amazon.com/images/M/MV5BNDU0Mjg1Y2MtOGU2ZC00N2NlLWFhMjMtNmYzYmQ3ZmRiNDU2XkEyXkFqcGc@._V1_QL75_UX400_.jpg
273bd379-fdc8-4133-acc7-7be18ef1b699,tt0336300,https://m.media-amazon.com/images/M/MV5BYzQzNTI2NGEtOWZhNi00NmY2LWIyZmQtNDllYzM1MmZiNWIwXkEyXkFqcGc@._V1_QL75_UX400_.jpg
277e7bf0-f59e-467b-be76-23d468810a1a,tt1157607,https://m.media-amazon.com/images/M/MV5BMTA5Mjc2NzIyMTBeQTJeQWpwZ15BbWU4MDQ5MjIwNjAx._V1_QL75_UX400_.jpg
27b726f2-40e9-4d81-b608-57f7c41bfe54,tt1585577,https://m.media-amazon.com/images/M/MV5BNjI0ODEwN2MtOGMyNC00ZGEwLWFjNDgtMDA0MGYzMjY5MmU1XkEyXkFqcGc@._V1_QL75_UX400_.jpg
27e04b56-0d99-48d6-9600-557623985039,tt3445408,https://m.media-amazon.com/images/M/MV5BMTk4NDA4MzUwM15BMl5BanBnXkFtZTgwMTg3NjY5MDE@._V1_QL75_UX400_.jpg
284f1ddf-3cfe-4bbe-b1ae-fe501eaa7794,tt2241287,https://m.media-amazon.com/images/M/MV5BMzMwNzQ3NDkwMF5BMl5BanBnXkFtZTgwNzUzNjAzMTE@._V1_QL75_UX400_.jpg
288c9e9a-4e65-4576-b9f2-8c4f6dcb9ecc,tt0412235,https://m.media-amazon.com/images/M/MV5BYWViMWViNmItZDMzZi00MzcxLWEzOGEtNDU0OWQ5Y2I2NmI3XkEyXkFqcGc@._V1_QL75_UX400_.jpg
28acbfdd-9487-4446-974d-8b25ee366249,tt5637108,https://m.media-amazon.com/images/M/MV5BNGIxOTEwNTgtNzNlYi00YjQwLWExY2ItZjI4NWNhMjI4MjYxXkEyXkFqcGc@._V1_QL75_UX400_.jpg
28bae088-edbd-4a74-a887-4f5111ff2e37,tt0423258,https://m.media-amazon.com/images/M/MV5BNmY0M2MzOTktNjJiNi00MWZjLWJhNmMtMTRiNzBiODhmNTQ1XkEyXkFqcGc@._V1_QL75_UX400_.jpg
2927beba-7e77-4d7e-b22d-a65fda159f72,tt0166366,https://m.media-amazon.com/images/M/MV5BMmU4YmNiNmUtZjY2NC00YTExLWE5OTQtNDc2NjllNDQ3YjFhXkEyXkFqcGc@._V1_QL75_UX400_.jpg
2a090dde-f688-46fe-a9f4-b781a985275e,tt0356070,https://m.media-amazon.com/images/M/MV5BMTIzMDdmMjktMWU0Ny00NDg2LTkxNWItODhjZjVhMWU0ZmFhXkEyXkFqcGc@._V1_QL75_UX400_.jpg
2a18ca80-d2b8-4037-be3c-0a3430992543,tt0295642,https://m.media-amazon.com/images/M/MV5BNWU3MTg0YTAtMzg4NS00ZmRmLWJjMTQtN2Y2NmNkM2I3OWJiXkEyXkFqcGc@._V1_QL75_UX400_.jpg
2a4bed38-ab31-4291-ad12-bb0c71a55b8a,tt0304746,https://m.media-amazon.com/images/M/MV5BMjgyNmVlZjctNzg3Mi00MDhkLTg0MGMtYzE1OWVhZGViYzJhXkEyXkFqcGc@._V1_QL75_UX400_.jpg
2ae92dcc-e043-4a0c-a2cd-6146650b3c71,tt3248132,https://m.media-amazon.com/images/M/MV5BMTAwOTYyODQ0NjFeQTJeQWpwZ15BbWU4MDY0MzUxMDEx._V1_QL75_UX400_.jpg
2b16f7be-b5b7-4851-9952-2ec310446690,tt6285552,https://m.media-amazon.com/images/M/MV5BZmJlNDNlZDMtNzI4Yi00YTgxLTkwNTAtOTE2Yjg3YTUzNDQ5XkEyXkFqcGc@._V1_QL75_UX400_.jpg
2b301aa8-7c13-4be7-a552-d80c14af7487,tt1574645,https://m.media-amazon.com/images/M/MV5BMDE5Yjc4MzEtMTg4OS00NDY2LWFhZTgtMWNhYjZiMzcxNzRiXkEyXkFqcGc@._V1_QL75_UX400_.jpg
2b75dccd-bfe0-4aa7-a17a-cbb1a87d8968,tt0205425,https://m.media-amazon.com/images/M/MV5BNjhhOTViNTItMzUwYy00MTBiLTlkYzktMzViZDc4Mjc2MDUwXkEyXkFqcGc@._V1_QL75_UX400_.jpg
2b980e9c-f266-44fa-a041-d1b161c2095a,tt8641798,https://m.media-amazon.com/images/M/MV5BNDk5MTYwYWQtYTExYS00NjNlLWJhM2MtMGEwMDE0MTdiNjMzXkEyXkFqcGc@._V1_QL75_UX400_.jpg
2c132fb2-69a8-4ab3-aee7-399a0f607ade,tt0271902,https://m.media-amazon.com/images/M/MV5BZjQzNWU0OTQtNDU2MS00ODBmLWEyMjctOTQ3NjI3MWExZWNhXkEyXkFqcGc@._V1_QL75_UX400_.jpg
2c2875d9-4cfc-4c3c-8bea-2f33fad44893,tt0339723,https://m.media-amazon.com/images/M/MV5BODU2MDExZTQtM2FiMS00YjRkLTk4ODYtYjJjNjhjM2MyNDMxXkEyXkFqcGc@._V1_QL75_UX400_.jpg
2c4d0aa4-ea9f-418a-b1da-5485da74c27b,tt0078692,https://m.media-amazon.com/images/M/MV5BNmVjOWQ1NGUtM2ZmMC00NDkyLTlkOTEtNzYzMDkyN2NmYmVhXkEyXkFqcGc@._V1_QL75_UX400_.jpg
2c856df1-be00-46ff-b9c7-f9e880d6f4c7,tt0960885,https://m.media-amazon.com/images/M/MV5BMTQ2OTAyODk3MF5BMl5BanBnXkFtZTgwMTE3MTA2MDE@._V1_QL75_UX400_.jpg
2cd7b122-62f1-4e07-8ac5-f0937776d0e7,tt0300512,https://m.media-amazon.com/images/M/MV5BYjY3NWRkYmQtZGIwMC00YmQ5LWI2YTItZWNkYmRlMWY3Y2Y0XkEyXkFqcGc@._V1_QL75_UX400_.jpg
2d94a1e5-d216-452b-88ea-b62e76d0bc4b,tt4237522,https://m.media-amazon.com/images/M/MV5BYWI0NjdhY2QtNmY2OC00MWZkLWFjZjUtOWZjMjBjMGU0MTlmXkEyXkFqcGc@._V1_QL75_UX400_.jpg
2dd036a4-f5d0-4e81-8073-a36da2a684b7,tt1047252,https://m.media-amazon.com/images/M/MV5BOGNkMWU1YjItZDJjYS00MWU2LTlmZmUtOWZkMmY4ZjAyYWQzXkEyXkFqcGc@._V1_QL75_UX400_.jpg
2e5561a2-bb7f-48d3-8249-fb668db6014a,tt0279206,https://m.media-amazon.com/images/M/MV5BY2Y1NjZkZDItMzNlMy00ZmQwLThkNjItYWRiNjVhZDE3NDljXkEyXkFqcGc@._V1_QL75_UX400_.jpg
2ee16da4-7bc4-40da-be77-cf0a1769abd2,tt0772152,https://m.media-amazon.com/images/M/MV5BMTIzMTM3NDQzM15BMl5BanBnXkFtZTcwNTE3NTM1MQ@@._V1_QL75_UX400_.jpg
2f0b8fa3-8930-4046-bdcf-2f257899a2b9,tt0805435,https://m.media-amazon.com/images/M/MV5BYmFiNjAyMGItOTQ5ZS00NjhhLTllNjItZWEyM2I2YmRlOGRlXkEyXkFqcGc@._V1_QL75_UX400_.jpg
2f3155b9-127d-4fc8-adfd-a1745c9b5858,tt1991145,https://m.media-amazon.com/images/M/MV5BYmI4MWRjZTctNTdjYy00YWQxLTg5NzMtOGMxNjY2Nzc2YWQ4XkEyXkFqcGc@._V1_QL75_UX400_.jpg
2f435cd7-440d-4a5c-bbb1-5fd0f29032cd,tt3060318,https://m.media-amazon.com/images/M/MV5BMjM5ODY0MDQ2NF5BMl5BanBnXkFtZTgwMjQ5NDgwMDE@._V1_QL75_UX400_.jpg
2f4533f6-e891-42a8-9373-469d43d238b3,tt0367885,https://m.media-amazon.com/images/M/MV5BMzU0ODM3Nzc5M15BMl5BanBnXkFtZTcwMDU3MDkxMQ@@._V1_QL75_UX400_.jpg
2f4b0dc4-f2a8-49bc-bdce-65f8ad8f4675,tt8126496,https://m.media-amazon.com/images/M/MV5BYzI3NTFkOWUtNjMzNS00N2MzLWI2MzMtMGE1NjIxMmJlMTkzXkEyXkFqcGc@._V1_QL75_UX400_.jpg
2fe4dc4e-0938-49fe-866a-b0f2cac8d468,tt1809343,https://m.media-amazon.com/images/M/MV5BNDljMmVjNDEtODRjYi00OTk5LThjMzktYmZjODQ3ZjM3YTBjXkEyXkFqcGc@._V1_QL75_UX400_.jpg
309ff28e-808a-4547-abe7-81d683cfd244,tt0357388,https://m.media-amazon.com/images/M/MV5BMTU4NzAyOTQ3M15BMl5BanBnXkFtZTcwMDk0NjQ3MQ@@._V1_QL75_UX400_.jpg
30f834ac-ea0e-4dbe-b33d-a1dcef7685cc,tt0337643,https://m.media-amazon.com/images/M/MV5BMTM5NjI0NTcxOF5BMl5BanBnXkFtZTYwODExMDg5._V1_QL75_UX400_.jpg
31231ab7-f5ab-4d7c-a10c-1448371380ea,tt0110985,https://m.media-amazon.com/images/M/MV5BOTQ5NmIwOTItNGZlYi00MjEwLWFlODAtZDFlMzhjZTFjYjg0XkEyXkFqcGc@._V1_QL75_UX400_.jpg
317df96f-2cbc-48fd-98ba-16a94cac68a0,tt0362974,https://m.media-amazon.com/images/M/MV5BZWE0NjQ0YzQtOGU4MS00NGI3LWI1ZWEtM2UyMjliZjIwYWUyXkEyXkFqcGc@._V1_QL75_UX400_.jpg
31935df4-a583-4059-8b09-53791ac182b4,tt0460673,https://m.media-amazon.com/images/M/MV5BMTcxMTcwMjEyN15BMl5BanBnXkFtZTcwMjU3NzYzMQ@@._V1_QL75_UX400_.jpg
319df05f-c5d9-4389-a84a-a43e695bf048,tt0810784,https://m.media-amazon.com/images/M/MV5BMTg0NjEwNDgxNF5BMl5BanBnXkFtZTcwMjkyOTM3Mg@@._V1_QL75_UX400_.jpg
32064806-8196-4037-b758-dd5b5d274b59,tt2316779,https://m.media-amazon.com/images/M/MV5BMzRiOTNhODItYWY2NS00NWNiLTkxYjgtMzNiOWQzN2IzYTY3XkEyXkFqcGc@._V1_QL75_UX400_.jpg
32657f29-e409-4c93-abe0-b3ea42376f1f,tt8231960,https://m.media-amazon.com/images/M/MV5BNGM3ZThiZWQtNTViOC00ZGVlLTg3YzUtNDUwZjI2ZjhhNjE4XkEyXkFqcGc@._V1_QL75_UX400_.jpg
32c9b3b7-4d42-4145-9ca1-47af745df2a1,tt2108651,https://m.media-amazon.com/images/M/MV5BMTEwZmE3MDAtMzI5ZC00ODA4LWEyMmEtYWI2NWRlNzk0YmNmXkEyXkFqcGc@._V1_QL75_UX400_.jpg
3335d3d2-fa4b-4ad0-8839-bbc1edef93d4,tt0269909,https://m.media-amazon.com/images/M/MV5BZjE5MWYxMGEtOTM2OS00NDI3LTg0OTYtZGMxYmU2NDUzMWY1XkEyXkFqcGc@._V1_QL75_UX400_.jpg
3345b33d-5c30-49ec-8aeb-d5b5039c317b,tt8631174,https://m.media-amazon.com/images/M/MV5BOTFkMDNmNWItMzVkNy00MDE3LTk1YjUtNjM0MGM2YzEzMjAyXkEyXkFqcGc@._V1_QL75_UX400_.jpg
3427235e-8ce9-402a-8096-5981d5be32c1,tt0458284,https://m.media-amazon.com/images/M/MV5BMDM3NTJiMmYtNDBkZS00Zjg1LTk0YjgtNTU3YjU4ZDAyYWYyXkEyXkFqcGc@._V1_QL75_UX400_.jpg
355ec912-9e1d-4c4c-9a46-0d7b7fe4de75,tt0288115,https://m.media-amazon.com/images/M/MV5BZGZjYzE2NWItMDIxZC00NjE5LThmMzUtOTM5ZTA1ODUyNDllXkEyXkFqcGc@._V1_QL75_UX400_.jpg
365a95f0-37f9-4205-aa38-7fa308c709b9,tt0052815,https://m.media-amazon.com/images/M/MV5BNDRjYzIxNTAtZjgwYS00ZWNhLTljMzktYmIwYzUyYjMzNTZiXkEyXkFqcGc@._V1_QL75_UX400_.jpg
36d4c8f6-26a4-4acf-97c6-41f42a674dec,tt4074502,https://m.media-amazon.com/images/M/MV5BMjM5MzU5ODUyMl5BMl5BanBnXkFtZTgwODA1MDAxNTE@._V1_QL75_UX400_.jpg
37900f59-b5f2-4f5e-92a9-7a267641a709,tt4505116,https://m.media-amazon.com/images/M/MV5BNjJmNzM4N2EtMDkzNy00ZGI5LTk4MGUtNGQ5NDAyNzY1ZTZhXkEyXkFqcGc@._V1_QL75_UX400_.jpg
37c6cd37-1222-4470-9221-3170367d134b,tt0088170,https://m.media-amazon.com/images/M/MV5BYzNkOTZjMTMtOWYzZS00Yjg2LTgyMzQtMmNjODdkYzM0ZjhmXkEyXkFqcGc@._V1_QL75_UX400_.jpg
37efbba5-7b32-4d12-a4d6-d27f5e37b1ce,tt0267223,https://m.media-amazon.com/images/M/MV5BYjlhODA2ZmEtZWE5Mi00MWM3LTg2NTEtMjNlNjI1ZTNiNDcyXkEyXkFqcGc@._V1_QL75_UX400_.jpg
38b377b3-3f91-4c86-9509-d395222daf13,tt5475108,https://m.media-amazon.com/images/M/MV5BNzFjNzVjOGQtMjVmZi00NjI1LWFhYzgtODU1ZWU0OWRjYjUxXkEyXkFqcGc@._V1_QL75_UX400_.jpg
38b68a7a-86bf-4e02-82f7-2ec1fd2fa993,tt1263781,https://m.media-amazon.com/images/M/MV5BNTI4ODAyZGYtNGJkMS00ZTI1LTlmY2ItZDU2OGUxMGNhZWVkXkEyXkFqcGc@._V1_QL75_UX400_.jpg
38c0b79e-532e-4c6c-b1b3-8d57e674aa03,tt3085312,https://m.media-amazon.com/images/M/MV5BMTYwNzgxNzI0MF5BMl5BanBnXkFtZTgwNDMyODA2MDE@._V1_QL75_UX400_.jpg
38c27677-21c8-4dfe-b610-f96a4bb905ed,tt5796728,https://m.media-amazon.com/images/M/MV5BY2UyNWQ2MmYtMDJlNC00MmQ0LThhODAtMTRjNDVjN2RiMjkxXkEyXkFqcGc@._V1_QL75_UX400_.jpg
38f21901-7dcb-467f-b512-550955c072d2,tt0308937,https://m.media-amazon.com/images/M/MV5BMTQxMDc1MTY1NF5BMl5BanBnXkFtZTcwMTgwMjUyMQ@@._V1_QL75_UX400_.jpg
395b09de-a2d9-4b8c-b69c-a6ee0da5d3d4,tt0026379,https://m.media-amazon.com/images/M/MV5BYzViMjVkZTMtZDYwNC00MzJhLWE3YjktMmFmNGY3ZDZkYjNhXkEyXkFqcGc@._V1_QL75_UX400_.jpg
3a02d443-7992-453b-bcd1-716c6d8219fa,tt0488638,https://m.media-amazon.com/images/M/MV5BMjdmZGM2NmItZWE5My00ZTQyLWIyMDAtOGQ1YmQzOTI1Y2ZmXkEyXkFqcGc@._V1_QL75_UX400_.jpg
3a28f10a-433e-431c-8e7b-cc3f90af5a41,tt0295414,https://m.media-amazon.com/images/M/MV5BNTRjZTEyMzItZTMyNC00MGM3LTg5NmQtMTIwODQ5OTllMGE5XkEyXkFqcGc@._V1_QL75_UX400_.jpg
3aba7aa0-8930-417c-bf78-3df596c3f062,tt1320395,https://m.media-amazon.com/images/M/MV5BNTNhOWRhNmQtMzlhYS00ZDI5LTkzNzgtZGQxOGNiNzZkZmM0XkEyXkFqcGc@._V1_QL75_UX400_.jpg
3b131cb1-37d1-4b74-a3e8-f225ba00f4ad,tt2290151,https://m.media-amazon.com/images/M/MV5BMTc0MDQwMjY5MV5BMl5BanBnXkFtZTcwMDkzNDY2OQ@@._V1_QL75_UX400_.jpg
3b1d0e70-42e5-4c9b-98cf-2681c420a99b,tt0295270,https://m.media-amazon.com/images/M/MV5BMjEzOTgyNDg3Nl5BMl5BanBnXkFtZTcwMzE3NjIyMQ@@._V1_QL75_UX400_.jpg
3b74bedf-0cba-40c3-8270-0e5024f8b9a4,tt1372191,https://m.media-amazon.com/images/M/MV5BODg5NTM2OTI0NV5BMl5BanBnXkFtZTcwOTg2MDM3Mg@@._V1_QL75_UX400_.jpg
3ba6c11a-0db6-4144-bc9d-c7e04b817dd2,tt0458432,https://m.media-amazon.com/images/M/MV5BOTliZWQxZDAtNzJiOC00NjQwLWIwMGUtZWJhZjRjM2EzMWY3XkEyXkFqcGc@._V1_QL75_UX400_.jpg
3bdae84f-9a04-4b04-9f7c-c05582d529e5,tt3478042,https://m.media-amazon.com/images/M/MV5BYzcyNDJlNGUtYTBjNi00ZjdjLWIwMzUtNTRhM2VkYTBmYzhlXkEyXkFqcGc@._V1_QL75_UX400_.jpg
3beffb27-9dad-4b5d-9845-220ed9cd22fc,tt0888524,https://m.media-amazon.com/images/M/MV5BZWNlY2I2YjktYWZjOC00NzJiLWJjN2MtOTdmYzhjN2JlNDMwXkEyXkFqcGc@._V1_QL75_UX400_.jpg
3c061ba9-49d2-4603-9ab8-d26954e29ef5,tt1433826,https://m.media-amazon.com/images/M/MV5BNjJkMzIxZmMtYmI1NS00N2VhLWE1MmEtZTlmZDEwNGNmYmJkXkEyXkFqcGc@._V1_QL75_UX400_.jpg
3c868902-7466-4c29-8957-3ee9795247b4,tt1623727,https://m.media-amazon.com/images/M/MV5BOTgzZTE1YTItNmYxMy00NTYwLWI1N2QtNzlhNmZmOTcyMDIxXkEyXkFqcGc@._V1_QL75_UX400_.jpg
3cbb999f-c92b-495d-92d9-d1b2715009dc,tt5970302,https://m.media-amazon.com/images/M/MV5BZTU3MDdjM2EtMDkzYS00ODI3LWEyNTMtYmQzYzljMzc2MmU1XkEyXkFqcGc@._V1_QL75_UX400_.jpg
3d806a05-278f-4e61-a964-cfa1aacaa0cb,tt0859619,https://m.media-amazon.com/images/M/MV5BZTdiOWJlYjctZmU4Zi00OGRhLTlhNTctYjhlMGE4MmI1YWYxXkEyXkFqcGc@._V1_QL75_UX400_.jpg
3d825f60-9fff-4dfe-b294-1a45fa1e115d,tt0076759,https://m.media-amazon.com/images/M/MV5BOGUwMDk0Y2MtNjBlNi00NmRiLTk2MWYtMGMyMDlhYmI4ZDBjXkEyXkFqcGc@._V1_QL75_UX400_.jpg
3de5b433-d4ba-41f0-a64c-0277b3b74fbc,tt2514386,https://m.media-amazon.com/images/M/MV5BMDQwODY0YTItM2IyYi00YjBlLWFmYjYtNTI2ZWJhNjNiZDc1XkEyXkFqcGc@._V1_QL75_UX400_.jpg
3e308028-1fa1-419f-b97c-fb06b0f91f26,tt0027039,https://m.media-amazon.com/images/M/MV5BODk1OTI2OGMtMzI3NC00MWRkLThkM2YtOGI4NDAyMDY4N2IxXkEyXkFqcGc@._V1_QL75_UX400_.jpg
3e4554c6-0b1b-462f-9d7e-c116f7001f0c,tt0415288,https://m.media-amazon.com/images/M/MV5BNDMwODQwNDgtNmViMS00ZTg2LWJiNTEtNzAzYzY1Nzk4YTgxXkEyXkFqcGc@._V1_QL75_UX400_.jpg
3e5351d6-4e4a-486b-8529-977672177a07,tt0443653,https://m.media-amazon.com/images/M/MV5BMjI0OWM1NzUtNjIwMS00Y2QzLWE1YjktYjQ1MTc0OTc5NTFhXkEyXkFqcGc@._V1_QL75_UX400_.jpg
3e5bbf91-a78e-4848-8118-390a29cff142,tt0322129,https://m.media-amazon.com/images/M/MV5BODNkNWZmYjAtNjQ2Ni00NGFkLWEzYjMtMzdiNmYzMGY1YjdlXkEyXkFqcGc@._V1_QL75_UX400_.jpg
3f1dcb88-ebba-4b45-acb5-e6ddc723b632,tt5502946,https://m.media-amazon.com/images/M/MV5BMjI3NDUyYmMtODNjMS00MGU5LTk5MTktNTY5NmIzMzA4MjIwXkEyXkFqcGc@._V1_QL75_UX400_.jpg
3f8873be-f6b1-4f3f-8a01-873924659851,tt2215191,https://m.media-amazon.com/images/M/MV5BMDQwZDY3NWItNmVlNy00ZDNhLWI2MzEtMWNjOWY1YjlkMmIxXkEyXkFqcGc@._V1_QL75_UX400_.jpg
3fd7c00f-aaff-4798-a9b7-5cf29a832698,tt6117002,https://m.media-amazon.com/images/M/MV5BZGI1MzMxMzEtNzY3ZS00MjVhLTliZmMtZDg2M2ExZmI5MzhkXkEyXkFqcGc@._V1_QL75_UX400_.jpg
3ff3e54c-0653-45dd-9586-efcd16b32b07,tt1227046,https://m.media-amazon.com/images/M/MV5BZjIwNTNjODAtYjM3Yi00MjIxLWIwNWQtNmJkMmNmMmE2YThhXkEyXkFqcGc@._V1_QL75_UX400_.jpg
3ff6803b-d276-42de-8ce8-2811123ad233,tt0414805,https://m.media-amazon.com/images/M/MV5BMjA3NDg5NTU2N15BMl5BanBnXkFtZTcwNzQ2NjYxMQ@@._V1_QL75_UX400_.jpg
40138657-00bc-4f53-adec-9bfc888bceb1,tt0984014,https://m.media-amazon.com/images/M/MV5BNGE2NTEyZjYtMjEwZi00ZGQ1LWJiMmQtYjVlNDUyMmEyMjA3XkEyXkFqcGc@._V1_QL75_UX400_.jpg
40340129-96e8-49ce-a45d-2d25d17be48a,tt3973814,https://m.media-amazon.com/images/M/MV5BNDc4NDUxMzAxM15BMl5BanBnXkFtZTgwMjA3Nzg1MzE@._V1_QL75_UX400_.jpg
40f515ab-e69e-481c-aac3-ebf3b3833253,tt0433458,https://m.media-amazon.com/images/M/MV5BNmNlMTBlM2UtMDE0Mi00NzgzLTk2ZjgtZjcxN2Y1MjI1YjViXkEyXkFqcGc@._V1_QL75_UX400_.jpg
4107f7ac-e164-41f0-8689-189332f51742,tt0256407,https://m.media-amazon.com/images/M/MV5BZTk0ZGE5ZTgtMTdjNC00NjdmLThiMjItOWRjMzFjMWFkZjQxXkEyXkFqcGc@._V1_QL75_UX400_.jpg
4154ea8a-a96a-45be-bf93-7539bee29e7e,tt1239459,https://m.media-amazon.com/images/M/MV5BZmRjYWMxMWUtZjhlNy00NmQwLTgwODAtODU2N2Q5MmQwNzdhXkEyXkFqcGc@._V1_QL75_UX400_.jpg
41599250-0f83-42ce-b610-00e805c5e775,tt0380627,https://m.media-amazon.com/images/M/MV5BYzQ4NDIzNjktODgxNy00YWY0LWFlYWYtYjgwMmUzYzEyNzkzXkEyXkFqcGc@._V1_QL75_UX400_.jpg
41d08f6f-5fb9-41ea-a207-6ea4146f6ac4,tt0382202,https://m.media-amazon.com/images/M/MV5BYzQ3YzAwMmItMzYyYi00ZjU4LWJjOGMtMDkxODEyYjE0OTZlXkEyXkFqcGc@._V1_QL75_UX400_.jpg
420711cc-7686-4df9-b10d-a902d93f4e35,tt1403957,https://m.media-amazon.com/images/M/MV5BOTdhMzQ1ZWItYmZkOS00ZGIxLTk3MzktMmM5OTU5ZmM3YTZkXkEyXkFqcGc@._V1_QL75_UX400_.jpg
429ecacb-d715-44bc-a3ff-2159468d99a9,tt0353089,https://m.media-amazon.com/images/M/MV5BZjZmZGE5ZjctZTBiNS00OThkLWI4NjUtZTJhMDkzZTYwMzY0XkEyXkFqcGc@._V1_QL75_UX400_.jpg
436b38d2-6827-4dfe-a008-e704cc77e14a,tt3030920,https://m.media-amazon.com/images/M/MV5BZmE1MTAyNDktNzlkOS00M2NmLWFiNTMtOTcwNWQ1YzQ2NDIwXkEyXkFqcGc@._V1_QL75_UX400_.jpg
43c134af-fdbd-4ed0-93e5-0fb05c0b6947,tt0000410,https://m.media-amazon.com/images/M/MV5BNDEwMmIxZTItYzY0MS00ZWFlLWJkOGQtNjQ2OTUzOTE4ZTUxXkEyXkFqcGc@._V1_QL75_UX400_.jpg
44376611-c92d-49a7-99a9-262ceb2d2da3,tt0088870,https://m.media-amazon.com/images/M/MV5BOWVhYTExY2ItZmMwZS00MGRhLWI0MGItNTIzNzk0Nzg1NmVmXkEyXkFqcGc@._V1_QL75_UX400_.jpg
44496348-3201-45c3-848f-756d7b02b6fd,tt8861786,https://m.media-amazon.com/images/M/MV5BNGEzNWNmMzgtMjY1Yy00ZWQ4LWJmZjEtMGM4MjEwZTcwMDhkXkEyXkFqcGc@._V1_QL75_UX400_.jpg
445c5df6-06b4-42a8-83f8-ebbf00a04a5c,tt0282856,https://m.media-amazon.com/images/M/MV5BMTM0NjYzOTg0N15BMl5BanBnXkFtZTcwNTQyMTQyMQ@@._V1_QL75_UX400_.jpg
45e56b4b-ca69-4694-b5ab-71ac80ef12b4,tt3253596,https://m.media-amazon.com/images/M/MV5BMTgzNTYyMzQ4M15BMl5BanBnXkFtZTgwOTY0MDUwMTE@._V1_QL75_UX400_.jpg
460d5dba-7973-49d5-a790-c749febac3a8,tt4154074,https://m.media-amazon.com/images/M/MV5BMTQ5MjE5OTY4Ml5BMl5BanBnXkFtZTgwOTYzMjAwNjE@._V1_QL75_UX400_.jpg
46143f45-25f5-4df9-8927-b5f7fa92e1a3,tt5715678,https://m.media-amazon.com/images/M/MV5BZDAwNjYzMzYtMDEwNC00NzliLWIyYWUtNjY1NTQ0YTQ5NmM4XkEyXkFqcGc@._V1_QL75_UX400_.jpg
463d7234-2af1-4e54-a353-2a8c2c269103,tt1363363,https://m.media-amazon.com/images/M/MV5BZTdkZTZhMDYtMmUzOC00NmIwLTk5YjQtOTdjNWMyNzFmMTI3XkEyXkFqcGc@._V1_QL75_UX400_.jpg
46f15353-2add-415d-9782-fa9c5b8083d5,tt2527338,https://m.media-amazon.com/images/M/MV5BODg5ZTNmMTUtYThlNy00NjljLWE0MGUtYmQ1NDg4NWU5MjQ1XkEyXkFqcGc@._V1_QL75_UX400_.jpg
47050db6-580f-493c-a007-a11c8768ce1b,tt0244365,https://m.media-amazon.com/images/M/MV5BZDdjNGIyMTEtNDdlNS00MTRjLTg2NzktYjUzNzA0MjA0NjlhXkEyXkFqcGc@._V1_QL75_UX400_.jpg
471cf1e2-ea17-4715-98d6-387e0d28268a,tt3120406,https://m.media-amazon.com/images/M/MV5BMjIwNzcxMTA5MV5BMl5BanBnXkFtZTgwNTk0NDAxMDE@._V1_QL75_UX400_.jpg
4731e7c5-353b-4e44-b393-bf3139aa2a69,tt0856152,https://m.media-amazon.com/images/M/MV5BYWQ1YjRlOGItNjIyZi00YWJiLWIzN2ItNTIzZDEyMTU2OTU1XkEyXkFqcGc@._V1_QL75_UX400_.jpg
479f20b0-58d1-4f16-8944-9b82f5b1f22a,tt0006062,https://m.media-amazon.com/images/M/MV5BM2VkOTg4MDgtMGMyZS00OWEzLWIwN2MtZWNjNmMzYjZlYjFlXkEyXkFqcGc@._V1_QL75_UX400_.jpg
47ac08a1-7726-414a-a325-924e8a9a9945,tt0250751,https://m.media-amazon.com/images/M/MV5BZDc4MmYwMWYtMzI3Ny00MzQ1LTkyYmEtMmJiYjQ2NDgyZTE5XkEyXkFqcGc@._V1_QL75_UX400_.jpg
48182513-830f-4501-888a-08ccdfdaeda6,tt0418195,https://m.media-amazon.com/images/M/MV5BOWY3MjQ0YmMtYzFmNy00ZjNlLWFiOTItOTMxMTFlYjVhODczXkEyXkFqcGc@._V1_QL75_UX400_.jpg
48495445-f04d-4d4c-9249-1faa28fc64eb,tt0284516,https://m.media-amazon.com/images/M/MV5BYjlkOThjYzAtMmViZC00ZGUxLWEwNjEtNDhhNjdhOWM0ZGFlXkEyXkFqcGc@._V1_QL75_UX400_.jpg
489d2054-ccf2-4017-abb2-ec0bc5ec1195,tt8696442,https://m.media-amazon.com/images/M/MV5BZTQ2N2MzYTgtYTJmOC00NDU0LWFkZDEtNDgxMjQ4YjA1OTNkXkEyXkFqcGc@._V1_QL75_UX400_.jpg
491fe2ab-66b3-4d82-a5c5-507a64457f40,tt8583492,https://m.media-amazon.com/images/M/MV5BNmYzZDBhNDItM2QyMi00ZjkxLTljM2MtZTU1OWZkMDI0NjQ0XkEyXkFqcGc@._V1_QL75_UX400_.jpg
49908121-c711-44ee-b447-84288b3b5e34,tt5312326,https://m.media-amazon.com/images/M/MV5BNzA5N2UxNDQtN2UyOC00ZDY3LWJhYjAtYzc3ODk5NDZkODUyXkEyXkFqcGc@._V1_QL75_UX400_.jpg
499987ef-5dde-481d-bd95-30ef26937894,tt2827010,https://m.media-amazon.com/images/M/MV5BMTQyMDM2MTcwMV5BMl5BanBnXkFtZTcwMDgwNzI0OQ@@._V1_QL75_UX400_.jpg
49a3dd2a-4a2b-41a9-bb69-1cf096ee3de4,tt0854159,https://m.media-amazon.com/images/M/MV5BZGVhODI2NjUtMGVmYy00MDc3LTllNTYtNzhkMjM1N2Y5NzdjXkEyXkFqcGc@._V1_QL75_UX400_.jpg
49a81ffc-1670-4dcd-bbec-e224064cf99c,tt3141750,https://m.media-amazon.com/images/M/MV5BMzg2NjgxODA5OF5BMl5BanBnXkFtZTgwMzUxOTk0MDE@._V1_QL75_UX400_.jpg
49c79cbf-5cf5-45df-95ef-89368152dc8d,tt0277348,https://m.media-amazon.com/images/M/MV5BNGJiNjQ0MWMtMDk0NS00Yjk0LWIxMDQtNThiMTE1MDdhMDEyXkEyXkFqcGc@._V1_QL75_UX400_.jpg
4a45d7a0-8d35-44a0-b5d4-4b34d6294a77,tt3429758,https://m.media-amazon.com/images/M/MV5BMTEwNDQ4MTYyNjdeQTJeQWpwZ15BbWU4MDEwODA4MDEx._V1_QL75_UX400_.jpg
4ab2508c-7d24-460a-87b5-ff9f200e7240,tt0153067,https://m.media-amazon.com/images/M/MV5BNjExM2Q2NjMtMmNlMS00MmEwLTliMGEtZjI3YWU2ZjZiNDQ4XkEyXkFqcGc@._V1_QL75_UX400_.jpg
4b6977e2-b3db-4f04-b83e-f091c6fcd49c,tt1877688,https://m.media-amazon.com/images/M/MV5BMjMwMzk0NTg1NV5BMl5BanBnXkFtZTgwNDgyNjM5MDE@._V1_QL75_UX400_.jpg
4b721889-7b44-4684-a65e-3a30135bc55e,tt4563516,https://m.media-amazon.com/images/M/MV5BMWEyYzIyMmYtYmE2My00YmY2LTk2Y2UtZjQ3Y2Q4YjkzNzZlXkEyXkFqcGc@._V1_QL75_UX400_.jpg
4df8c0cb-2cbf-4e40-b79c-fb07635775b9,tt9436758,https://m.media-amazon.com/images/M/MV5BY2UwMGU1NGMtYWM2OC00NWVmLWJlZWYtYjE1OTY2MzQwNDJjXkEyXkFqcGc@._V1_QL75_UX400_.jpg
4e30b20c-5d7e-4868-9a48-3c7f644e4cba,tt0824442,https://m.media-amazon.com/images/M/MV5BMTcxOTVmNmMtNDgwNS00MTMzLWIwYmUtNDMxMWQwOWU0NTNmXkEyXkFqcGc@._V1_QL75_UX400_.jpg
4e5184c8-54eb-4f09-be83-4f95affe42a8,tt0033100,https://m.media-amazon.com/images/M/MV5BZjA5YTcxMzgtMjA1NS00YjU5LTlmMWItMTljOTUwMjgwN2Q1XkEyXkFqcGc@._V1_QL75_UX400_.jpg
4e9f5f72-aa45-4c5a-965b-fc9cf42c4299,tt1570097,https://m.media-amazon.com/images/M/MV5BMjI0NDkwNDAyOV5BMl5BanBnXkFtZTcwMTgzNDExMw@@._V1_QL75_UX400_.jpg
4f05450b-d421-4231-89ef-6673b93d1fe3,tt0090064,https://m.media-amazon.com/images/M/MV5BYTQwYjc5ZWQtZDliMC00YzYxLWIxYzktYjNlMDc4NTc1ZWJkXkEyXkFqcGc@._V1_QL75_UX400_.jpg
4f53452f-a402-4a76-89fd-f034eeb8d657,tt8924990,https://m.media-amazon.com/images/M/MV5BODczYmJmYTYtMzIwNy00MGFhLTg0ZjUtYWU5ZGRkZjViODdlXkEyXkFqcGc@._V1_QL75_UX400_.jpg
4fdffe40-e77f-4fb2-96ad-47319e3ddd2a,tt0320526,https://m.media-amazon.com/images/M/MV5BMTZhZTMzZWEtZDAyMi00MGRhLWIzNzUtN2FmNzUzMGI5YTU3XkEyXkFqcGc@._V1_QL75_UX400_.jpg
4fea6a57-49ff-4def-b8ac-5c595d0925f3,tt4664600,https://m.media-amazon.com/images/M/MV5BMjVkODQzNWQtYWFmNi00ZjdkLWI3NWItNmViMmM4MDQxZTFmXkEyXkFqcGc@._V1_QL75_UX400_.jpg
5044be46-fafc-4f98-8577-5da9892b1cb9,tt0035379,https://m.media-amazon.com/images/M/MV5BZGU3OWMzMzktN2VmZC00NzIxLTliYjctYjcwOTM1NWI4NmM3XkEyXkFqcGc@._V1_QL75_UX400_.jpg
5065b37b-fd5b-4c48-8a24-435198c44830,tt8336340,https://m.media-amazon.com/images/M/MV5BMTkyMTc3NjAwNF5BMl5BanBnXkFtZTgwNTU1ODIyNjM@._V1_QL75_UX400_.jpg
50d842be-bcda-401e-90de-b06929611ce0,tt0253754,https://m.media-amazon.com/images/M/MV5BMjAxNjY2NDY3NF5BMl5BanBnXkFtZTcwMjA0MTEzMw@@._V1_QL75_UX400_.jpg
50e8da74-04d8-452e-83f2-48b12a946acc,tt0321152,https://m.media-amazon.com/images/M/MV5BMWI1NzgwZDYtODRmMy00ZDM5LTg4ZDItNDJiYWNlYmUzNDE1XkEyXkFqcGc@._V1_QL75_UX400_.jpg
50fb4de9-e4b3-4aca-9f2f-00a48f12f9b3,tt0117731,https://m.media-amazon.com/images/M/MV5BZjc0OWE1NDMtNjRmMi00ZDc2LWI2ZmQtNzEwNWU4Nzg4NDA5XkEyXkFqcGc@._V1_QL75_UX400_.jpg
51130686-3654-4524-8142-41bd6846860a,tt3486354,https://m.media-amazon.com/images/M/MV5BOWFmNmMwZmYtZjA2Mi00ZWEwLTkyZTktMjQ0MWI0MWRhM2ExXkEyXkFqcGc@._V1_QL75_UX400_.jpg
511b8ae8-f59d-450e-b9a2-22aabba2693b,tt0102975,https://m.media-amazon.com/images/M/MV5BNDgzYjM5MWQtYTkzNy00OWZlLWEzMDctYjA5MDUyNmJhZjM5XkEyXkFqcGc@._V1_QL75_UX400_.jpg
52049ac6-b430-45d3-8ea5-dc7c25e92fc8,tt0826456,https://m.media-amazon.com/images/M/MV5BZjUzNjAwNmMtNDk2OC00NjYyLThmMTMtOWM2NTEyMjU2MWI1XkEyXkFqcGc@._V1_QL75_UX400_.jpg
5232768c-2eb8-479b-b1b8-d9a1d26e5fc8,tt6964238,https://m.media-amazon.com/images/M/MV5BMmJhZTE5NDEtOTRjMi00MTdhLThhOTQtM2Q1MTZkMTUyMjE1XkEyXkFqcGc@._V1_QL75_UX400_.jpg
523f1a55-51fe-4d3c-a58d-30d8a61bb267,tt6423362,https://m.media-amazon.com/images/M/MV5BOTRiNTlhYzctOGY1Zi00NWQwLWIzYjItOTY4M2RhOGQ4NzY2XkEyXkFqcGc@._V1_QL75_UX400_.jpg
527aaa26-776b-41b1-892a-d062955a49f6,tt6423884,https://m.media-amazon.com/images/M/MV5BNTgwZWYzMzAtMDIwMC00ZTNhLWEzM2EtZGZkYmY4ZGExMjM3XkEyXkFqcGc@._V1_QL75_UX400_.jpg
5353633e-bd6d-4e6d-b284-918d66e5848f,tt7090580,https://m.media-amazon.com/images/M/MV5BMWE4YjRhZWItYjIyYy00NTQzLThiZGItZTZlZWY4NDg1OTUxXkEyXkFqcGc@._V1_QL75_UX400_.jpg
53627cc7-16a4-4e17-ad07-012c17023471,tt0266818,https://m.media-amazon.com/images/M/MV5BMjE0ODk3MTU5NF5BMl5BanBnXkFtZTcwMzkwMjkxMQ@@._V1_QL75_UX400_.jpg
53ce35b8-7a0e-49a3-a2e4-4abc51d8d257,tt0274889,https://m.media-amazon.com/images/M/MV5BMTYzOTYyNDc0N15BMl5BanBnXkFtZTcwMzkyMTcxMQ@@._V1_QL75_UX400_.jpg
53d660a1-be2b-4b53-9761-0a315a693789,tt2203947,https://m.media-amazon.com/images/M/MV5BYWZmM2VjOTYtZWFiMi00MDgxLTgzNzgtZDBlMDcyMTRhYjhhXkEyXkFqcGc@._V1_QL75_UX400_.jpg
547147ed-d835-4c22-8c42-4a800d6f32b0,tt0131028,https://m.media-amazon.com/images/M/MV5BZjg4ODc5ZWItNzJkYi00ZDcxLTg3ZmUtMGRmNTRkN2VjNDkyXkEyXkFqcGc@._V1_QL75_UX400_.jpg
54b93187-60a1-450c-b023-5cf8ef1e1747,tt0456982,https://m.media-amazon.com/images/M/MV5BYWEzMDZkMmItYTY3MC00YzViLTk5ZDItOWEwOWU4YjQ0ODkzXkEyXkFqcGc@._V1_QL75_UX400_.jpg
5580dfe4-9803-4291-8e6b-6e7df27d7032,tt0328206,https://m.media-amazon.com/images/M/MV5BMzgwYTc3ZDMtYjgzMi00YWJkLWI4YTItNDk1MDgxNzlmMzQxXkEyXkFqcGc@._V1_QL75_UX400_.jpg
56a184c5-400a-4e63-8eb3-9d888235c08f,tt0007098,https://m.media-amazon.com/images/M/MV5BM2NmZTE5NmEtZTI2ZC00YmI2LWI3ZjItMDcxMTJlYmZiNmU0XkEyXkFqcGc@._V1_QL75_UX400_.jpg
572814ae-165a-44a8-8420-db0ebf299ac2,tt0037503,https://m.media-amazon.com/images/M/MV5BZjhlMjBiYjYtOThhYi00MGFkLWI3YzUtNjY3MmMzYTAzYWM3XkEyXkFqcGc@._V1_QL75_UX400_.jpg
575f6909-fc51-4d64-a7b8-9d236b374191,tt3255584,https://m.media-amazon.com/images/M/MV5BZDNlM2JiMDItYmRlMC00YTY2LTllYjktNzJlZjdjYTNlYjk2XkEyXkFqcGc@._V1_QL75_UX400_.jpg
57b16fe9-4a0f-4621-a0de-db9b3332a1b6,tt0321192,https://m.media-amazon.com/images/M/MV5BOTYyNTEzMjM5N15BMl5BanBnXkFtZTgwODU4MTQxNTE@._V1_QL75_UX400_.jpg
57beb3fd-b1c9-4f8a-9c06-2da13f95251c,tt3778644,https://m.media-amazon.com/images/M/MV5BOTM2NTI3NTc3Nl5BMl5BanBnXkFtZTgwNzM1OTQyNTM@._V1_QL75_UX400_.jpg
58ab4c74-8956-451b-a589-4a9651aee869,tt0350945,https://m.media-amazon.com/images/M/MV5BMTI0NjE2MTYxMl5BMl5BanBnXkFtZTcwMTk0MDkzMQ@@._V1_QL75_UX400_.jpg
58ed2beb-aa85-438d-9156-f1767aaffeb2,tt0460947,https://m.media-amazon.com/images/M/MV5BMDM2NmQ3ZDUtZTg4Ni00Yzc4LTk1OTYtYWEzMDBhNjExMzlkXkEyXkFqcGc@._V1_QL75_UX400_.jpg
58fd971d-4550-4164-8428-06f9a19f93cc,tt0472566,https://m.media-amazon.com/images/M/MV5BMTk4MjQzNjA3NV5BMl5BanBnXkFtZTcwODkwMTEzMQ@@._V1_QL75_UX400_.jpg
592a5c17-d8e0-4e4f-bf4d-631c6c6bbe71,tt0021085,https://m.media-amazon.com/images/M/MV5BNzBjNGY4ZDYtZGY5Yi00MzYzLThmYWYtM2FhNDQyYzI3NTViXkEyXkFqcGc@._V1_QL75_UX400_.jpg
594f7080-f98a-4d82-afed-96badb082782,tt0098062,https://m.media-amazon.com/images/M/MV5BNGJhYzE4YjEtY2ViNi00ZjQ0LTk4MmQtMDY2ODc0ZTVhMmFhXkEyXkFqcGc@._V1_QL75_UX400_.jpg
598fcf85-ac89-4839-86dd-a8b3b6320c31,tt2700916,https://m.media-amazon.com/images/M/MV5BOWNiMjNmMTYtZjkzYy00MjI2LThmZTctMGJjNWVlOGY0NmViXkEyXkFqcGc@._V1_QL75_UX400_.jpg
59b6de7e-55e0-499c-af6f-ff645ac32ac8,tt5640128,https://m.media-amazon.com/images/M/MV5BZWQ0YTFmN2QtOWU5Yy00MDk2LTgxMTQtYjg4Y2JhODAwZTQ2XkEyXkFqcGc@._V1_QL75_UX400_.jpg
5a5603b2-afb5-42f5-8235-bb75b2cd9edd,tt3469052,https://m.media-amazon.com/images/M/MV5BMjM4MzhmYTAtY2EwYi00ZTI1LWI0OTYtZmNkNzFiYWM0NzU2XkEyXkFqcGc@._V1_QL75_UX400_.jpg
5a831afc-216f-4085-8a77-5c6f1ceb030f,tt0080780,https://m.media-amazon.com/images/M/MV5BZDI0MzNhNTctY2FjNi00OWNmLTliYTktNTViZjE3NDliODQwXkEyXkFqcGc@._V1_QL75_UX400_.jpg
5abcbaa4-a4a8-465e-b6b3-b0560489c170,tt3385996,https://m.media-amazon.com/images/M/MV5BZGEzMDliNTQtZWVlZS00NzU1LTgyYTYtMTU5NTdhZmQxNjg4XkEyXkFqcGc@._V1_QL75_UX400_.jpg
5ae64472-eab2-47fc-98c4-1a9cc72521a1,tt2351379,https://m.media-amazon.com/images/M/MV5BMTU2NzYwMzY5OV5BMl5BanBnXkFtZTcwMTQ3MDU3Nw@@._V1_QL75_UX400_.jpg
5aff0f2b-812b-4414-88bb-c08a91ed3e3a,tt4454104,https://m.media-amazon.com/images/M/MV5BMDNiZDA1Y2ItYzk1Ni00M2E4LThhOTMtYjFmMjk4NzQ4YWVkXkEyXkFqcGc@._V1_QL75_UX400_.jpg
5b267f7c-8499-4c3c-95f4-d6b8f540eba4,tt2033956,https://m.media-amazon.com/images/M/MV5BOTdmMjkyNWYtYjA2NS00MTYzLTk2YjMtYmRkZTkyOGNlZWJkXkEyXkFqcGc@._V1_QL75_UX400_.jpg
5b933497-27e2-43a6-b1e4-94468e11c4c1,tt2306587,https://m.media-amazon.com/images/M/MV5BODM0OTExNjg0N15BMl5BanBnXkFtZTgwMDQxNzA2MDE@._V1_QL75_UX400_.jpg
5bd6b2f9-f07d-4d6c-b8d5-a9cf649f8aa7,tt4910232,https://m.media-amazon.com/images/M/MV5BNjBjYTdkMDEtMTNlZS00ZmM2LWJmOWItNGJmYjY2YTg2ZGRjXkEyXkFqcGc@._V1_QL75_UX400_.jpg
5c4ed86e-021e-44ef-b899-5db849ed343f,tt10323338,https://m.media-amazon.com/images/M/MV5BN2YwZjg1NjUtODVmZS00YzUwLWE1OTctNThhZmFjY2NmYjlhXkEyXkFqcGc@._V1_QL75_UX400_.jpg
5c568226-b6cb-4c04-b9a8-24117ec85bb2,tt1360688,https://m.media-amazon.com/images/M/MV5BNzc4YWI3OWUtYmJlMC00MzY0LTgyMTgtZTZkYmE4YmFhNzFkXkEyXkFqcGc@._V1_QL75_UX400_.jpg
5c612da0-9c15-48db-b46e-e6c82b071a9b,tt0094029,https://m.media-amazon.com/images/M/MV5BZWQyNTgwODItMGIzYy00NzlmLWI5M2QtN2IxNjQ0OTk4Y2I0XkEyXkFqcGc@._V1_QL75_UX400_.jpg
5c855467-9c2b-491d-a179-c217ea543e93,tt1410046,https://m.media-amazon.com/images/M/MV5BMTQ2MDc3MjAyOV5BMl5BanBnXkFtZTcwODgwODc2OA@@._V1_QL75_UX400_.jpg
5d62b55c-1ed5-4563-ae80-10c4baa21a36,tt1612560,https://m.media-amazon.com/images/M/MV5BODM1ZGQ2ZTUtYTkwYS00Mjk4LTg0ZGUtMzE5MzE0Mjc5NjFhXkEyXkFqcGc@._V1_QL75_UX400_.jpg
5dbb7428-2df4-4abc-b4f4-0cb65b4135e7,tt11281500,https://m.media-amazon.com/images/M/MV5BOGQ0NDI1MjktYTY1Yi00ZDc2LWI3MTAtNDBjMTQzYzJjNDFjXkEyXkFqcGc@._V1_QL75_UX400_.jpg
5dd2433e-75d5-4588-b859-b7e59b6a3c50,tt0298896,https://m.media-amazon.com/images/M/MV5BNDk0YTNmYmUtNmNiZS00Y2M3LWFhMTYtZGFhNGRlMTcwNThjXkEyXkFqcGc@._V1_QL75_UX400_.jpg
5dd2dda0-aab4-4958-97ab-de0382beb91f,tt0124141,https://m.media-amazon.com/images/M/MV5BMWUxMTFjNjYtYmI3Yi00NTBkLWJkYjItMjIzOGM3ZmYyY2YyXkEyXkFqcGc@._V1_QL75_UX400_.jpg
5e2ac975-90dd-40f6-9f83-31a7cc55e13e,tt0083467,https://m.media-amazon.com/images/M/MV5BNWE0YmI4NzUtYzJkZS00ZjBhLTg1MDItMWJmMzA4NGZiZDA5XkEyXkFqcGc@._V1_QL75_UX400_.jpg
5e5fd2e0-be06-4806-b3ac-e8d0be6716c1,tt0102962,https://m.media-amazon.com/images/M/MV5BMTUyODk2MDA2NF5BMl5BanBnXkFtZTcwODQzMzMyMQ@@._V1_QL75_UX400_.jpg
5ebdd8a8-f324-4546-9126-5a24b63089ad,tt1556234,https://m.media-amazon.com/images/M/MV5BMGUwMmMzZmItMGFhOC00MDNhLTkwOTQtMDUwZjRjZmI3OTQzXkEyXkFqcGc@._V1_QL75_UX400_.jpg
5f1a4219-b533-489f-8af2-0d2692504857,tt0094634,https://m.media-amazon.com/images/M/MV5BZjM4ZWQxYTktMzI2ZC00Yjg3LWI3YjctY2E2ZDVmMDYzNzE4XkEyXkFqcGc@._V1_QL75_UX400_.jpg
5f4ad555-7f89-40fb-82db-86ca77dfbaca,tt1493210,https://m.media-amazon.com/images/M/MV5BNjhlODc3MmItN2Q0MC00MzY1LWFkNDAtYThlZTRkNTBiZjlkXkEyXkFqcGc@._V1_QL75_UX400_.jpg
5f5ac9fd-dedd-46f1-8bfa-cf6f76853f50,tt1895535,https://m.media-amazon.com/images/M/MV5BOGNhYmY3MDAtM2UwOS00YWQ3LWI3ZDgtMTQyYzdlMTRlOTE1XkEyXkFqcGc@._V1_QL75_UX400_.jpg
5f600319-10de-49aa-b56f-710edec3ac73,tt7406728,https://m.media-amazon.com/images/M/MV5BYTdiNjI5MTYtYmQ4MS00ZmFmLTg4NDYtMmNiZjI1Y2U4M2ExXkEyXkFqcGc@._V1_QL75_UX400_.jpg
5fcc9125-7f11-41ad-8b52-179db5b89e08,tt1789918,https://m.media-amazon.com/images/M/MV5BY2Q1YTlhYmEtNWMyMy00YmU1LWIwMGEtNzM5ZmJjOTBlMThkXkEyXkFqcGc@._V1_QL75_UX400_.jpg
6067058b-a894-4062-b17d-88e3ebfe5617,tt0014886,https://m.media-amazon.com/images/M/MV5BNjBjOTdjMzMtN2M4Ny00YWYwLWE1OTktZThkMGY4MDA2MzQ0XkEyXkFqcGc@._V1_QL75_UX400_.jpg
6075b0cf-219a-4151-a5e6-d9ae09d514ad,tt0033960,https://m.media-amazon.com/images/M/MV5BZGU4NDIyYzUtMTJmOS00NTQ2LTk2YmItODA4NjlhOTA4Nzk5XkEyXkFqcGc@._V1_QL75_UX400_.jpg
617eac5d-04c4-485a-8ba2-8d4050f74015,tt3385756,https://m.media-amazon.com/images/M/MV5BMDhlY2Q1OTItNzEyOC00OWJlLTlkMTYtNjFiOWFiYjZiN2U3XkEyXkFqcGc@._V1_QL75_UX400_.jpg
61b56284-8f3a-495f-b948-cf64c3c156f4,tt29604632,https://m.media-amazon.com/images/M/MV5BODA3MDk0ZGMtYjNkMC00MjdmLTljYTYtNDFlYTU1MWJjNWViXkEyXkFqcGc@._V1_QL75_UX400_.jpg
61dcf7a8-63b4-4cca-b6ea-e3f574acf93c,tt0170619,https://m.media-amazon.com/images/M/MV5BOGFiMTkxM2ItMmYwNS00ODgxLWE3ODAtODYyNzcxOWVmMjI1XkEyXkFqcGc@._V1_QL75_UX400_.jpg
62001bc1-3ea7-4c01-95b1-cf0fe4ebfd31,tt1560767,https://m.media-amazon.com/images/M/MV5BMTUzMzY3NDU2M15BMl5BanBnXkFtZTcwMDI5MTkxNA@@._V1_QL75_UX400_.jpg
6280c842-5638-4c78-a914-2a2d3a0e9d18,tt6932632,https://m.media-amazon.com/images/M/MV5BNTYxNzZlYmMtMmU2OC00MjllLWIzNjktNjRjN2ZiNzhhYjQ1XkEyXkFqcGc@._V1_QL75_UX400_.jpg
629fd480-3267-423b-a143-5f3a180c3ed3,tt7840490,https://m.media-amazon.com/images/M/MV5BMjc3MjhjNjQtYTQ4OS00NDM5LWI4MTktMWIyOGEyOTkzODE1XkEyXkFqcGc@._V1_QL75_UX400_.jpg
62bb2379-5017-421a-9030-1f3f7bb51c9c,tt0438454,https://m.media-amazon.com/images/M/MV5BMDU1MTdhOGYtMTEyYi00M2Y3LWJlZjgtMzc4ZjQ3ZTY3MjcxXkEyXkFqcGc@._V1_QL75_UX400_.jpg
6313d0f5-e6a6-4071-a0c2-3d737fd1d56d,tt2402600,https://m.media-amazon.com/images/M/MV5BMjIxMzMxNjg1OF5BMl5BanBnXkFtZTcwNjc4NzYxOQ@@._V1_QL75_UX400_.jpg
63518f42-52c7-494e-a48f-4ac8090aeed7,tt0181026,https://m.media-amazon.com/images/M/MV5BMTM1OTEwMTgxNV5BMl5BanBnXkFtZTcwMjkwNzAwMQ@@._V1_QL75_UX400_.jpg
63b7be87-aef1-4433-9ba7-5f406b0c6c4d,tt0081083,https://m.media-amazon.com/images/M/MV5BMjBjMjQ3MjQtNTk0OS00OTkxLWEwNGMtNmNhYzk1ODg0NmE0XkEyXkFqcGc@._V1_QL75_UX400_.jpg
63c344b7-7386-445a-8e0e-7ec4f17f2c20,tt0219372,https://m.media-amazon.com/images/M/MV5BMTgyMjMyODA3MV5BMl5BanBnXkFtZTcwMzgwNjUyMQ@@._V1_QL75_UX400_.jpg
63e95875-fea6-483b-8d0b-beedee774926,tt0284060,https://m.media-amazon.com/images/M/MV5BMDJiNGE3MzEtMzI1ZS00MmY1LWFiOTItNTVkNjY4NGNkNDhiXkEyXkFqcGc@._V1_QL75_UX400_.jpg
644e85b1-88bf-4b51-8a37-1b0eb0bdef9d,tt0446037,https://m.media-amazon.com/images/M/MV5BZDk5YjVjNzEtZWJlYS00ZTAwLTkzYjItZWNmMWZkMDY5ZTQ4XkEyXkFqcGc@._V1_QL75_UX400_.jpg
64675410-e322-40fd-ab4d-1b53bb3f0a07,tt0931112,https://m.media-amazon.com/images/M/MV5BNGI3ZGEwN2ItZTM4Zi00ZTdhLWJjODgtN2E4YjJlODM5ZTdjXkEyXkFqcGc@._V1_QL75_UX400_.jpg
64733f2b-136d-4ed3-90d6-92d63247c6b0,tt1397079,https://m.media-amazon.com/images/M/MV5BMzgxNGRjOWQtMTAyNy00YjU2LThiNjktZWQ0MDk2M2JhNTVjXkEyXkFqcGc@._V1_QL75_UX400_.jpg
64a5de61-29fa-4cac-8730-eaecc38992d4,tt0116728,https://m.media-amazon.com/images/M/MV5BMTQ0MjkyNjg3Ml5BMl5BanBnXkFtZTcwNTQ4NDAzMQ@@._V1_QL75_UX400_.jpg
64aa7000-698f-4332-b52f-9469e4d44ee1,tt0158208,https://m.media-amazon.com/images/M/MV5BYTQ4NzU4ZTEtNmI4Yy00MGFjLWIyM2ItM2Q1ZGQ5ODBmNDQ3XkEyXkFqcGc@._V1_QL75_UX400_.jpg
64d211e0-7073-4c5c-89cc-cb97ed91172e,tt0446049,https://m.media-amazon.com/images/M/MV5BMDM2NmY4Y2MtNGJhZC00MzQ2LTgxMjAtZTI4MGU2ZjY2YWI3XkEyXkFqcGc@._V1_QL75_UX400_.jpg
6563a66b-d292-4ef4-9bf1-90019673da70,tt0091750,https://m.media-amazon.com/images/M/MV5BZDc2ZTRmNzAtMDgyZC00ZjM2LTlkY2MtNzBmNTY3MTY2NzUwXkEyXkFqcGc@._V1_QL75_UX400_.jpg
65fec30e-43e2-4184-ab90-1985442415dd,tt0029401,https://m.media-amazon.com/images/M/MV5BMWI5NmY3YzUtY2ExOS00NWRjLTk2ZGQtZDA3MDdiNTA5NjM3XkEyXkFqcGc@._V1_QL75_UX400_.jpg
661d8ee3-1b19-48a1-98b4-b3873907dd1b,tt0058859,https://m.media-amazon.com/images/M/MV5BNDVjNWYzZDQtNGI0OS00ZjViLWExYzctZjM2ZDQ1YjU3NDI1XkEyXkFqcGc@._V1_QL75_UX400_.jpg
66279993-20c1-4512-bc6c-6d98b0967df6,tt0033847,https://m.media-amazon.com/images/M/MV5BOGZjNDgxYzgtMzM3OC00YjU1LWIzMWMtYWM3MDM2N2MxYjc2XkEyXkFqcGc@._V1_QL75_UX400_.jpg
6670b027-7ce9-4803-8ff1-700f6da471e2,tt0477094,https://m.media-amazon.com/images/M/MV5BMTU4ZjBkZGMtNjQ0YS00MTcxLTkxMjQtYzI4MTJjMzkwNTZmXkEyXkFqcGc@._V1_QL75_UX400_.jpg
667dbe90-4648-47fc-83a9-ca7c71392a4e,tt1051312,https://m.media-amazon.com/images/M/MV5BYzRiODdjOWEtNGJhNy00YWY1LTlmYmEtYzQxMzU5NTQ4OTUwXkEyXkFqcGc@._V1_QL75_UX400_.jpg
66d7de47-16d7-40e9-9d08-6e1773bc0bc3,tt0023175,https://m.media-amazon.com/images/M/MV5BYmViYmViMDAtODZjNS00MWU5LWE2MzItNzgxNWM2M2YzMWRkXkEyXkFqcGc@._V1_QL75_UX400_.jpg
6764dd98-6546-4ccf-95c5-74a63e980768,tt1083964,https://m.media-amazon.com/images/M/MV5BNTIwODc3NDE3M15BMl5BanBnXkFtZTcwMjE4NjE1MQ@@._V1_QL75_UX400_.jpg
67b41942-7258-4c24-849a-5b183985adb1,tt4911290,https://m.media-amazon.com/images/M/MV5BY2IzNTU0ZGMtMmFjOS00OGU4LTk1NTAtYjVlMmI3ZDQ1NWEwXkEyXkFqcGc@._V1_QL75_UX400_.jpg
685476d5-5c3c-417b-ae3c-079b02f8a0ed,tt0048619,https://m.media-amazon.com/images/M/MV5BYWRmZjNkMGItM2RhZS00OTAyLWI1NTctOTNiNTczMjc0OWY1XkEyXkFqcGc@._V1_QL75_UX400_.jpg
6894afe9-1d20-4c73-a518-05f461b04237,tt0410449,https://m.media-amazon.com/images/M/MV5BZjU1YzUwYTgtZTE0Ny00MThlLTg3YzMtYzkxYTljNTFkZThkXkEyXkFqcGc@._V1_QL75_UX400_.jpg
68bd16e6-754d-4eb7-95f1-4ee532b88b1c,tt0467491,https://m.media-amazon.com/images/M/MV5BMTU5NTg0MTg3OF5BMl5BanBnXkFtZTcwMDMxMzIzMQ@@._V1_QL75_UX400_.jpg
68ce1580-1c25-4138-abe7-20c93052a170,tt7322864,https://m.media-amazon.com/images/M/MV5BYWM5MDViYzYtNmRhMC00YTk0LTg1NWEtNGFmNDI0NWNmOTlhXkEyXkFqcGc@._V1_QL75_UX400_.jpg
68dfb5e2-7014-4738-a2da-c65bd41f5af5,tt0022430,https://m.media-amazon.com/images/M/MV5BNzQwZTY5YzUtZThkMi00YjAxLTg3MjUtMzI2NWMwZGNhZjQ1XkEyXkFqcGc@._V1_QL75_UX400_.jpg
69467651-638a-4642-a090-52f8a1faea02,tt6350408,https://m.media-amazon.com/images/M/MV5BNTVjNGVhMzYtMDU2MC00ZWQ2LWIzYjAtYTJiNDA4MmQ2MGVjXkEyXkFqcGc@._V1_QL75_UX400_.jpg
69a788c6-3367-4d1e-ae19-46f0aa74253e,tt0813808,https://m.media-amazon.com/images/M/MV5BMTQxMDEyNzAyOF5BMl5BanBnXkFtZTcwNjI1NDA1Ng@@._V1_QL75_UX400_.jpg
69e26130-0aae-496f-99ee-cc4441c327ef,tt0428125,https://m.media-amazon.com/images/M/MV5BMWU5MTY2ZjgtNmU5ZC00ZDc0LThlZDktMzJmMThiY2Q3YWIxXkEyXkFqcGc@._V1_QL75_UX400_.jpg
6a2fccf4-ed37-4483-9619-4189bf43ab97,tt3131532,https://m.media-amazon.com/images/M/MV5BODIyMWRlYjEtYWYzNS00MWFiLTllZjUtNWY2NjcyZTA2ZWI1XkEyXkFqcGc@._V1_QL75_UX400_.jpg
6ab2d71d-106c-4af8-bbec-822a87f94909,tt1051779,https://m.media-amazon.com/images/M/MV5BNGYzNDM1YzMtZGQ1Mi00MzY2LWI2ZjEtOWVjNDJkZmYwN2ZmXkEyXkFqcGc@._V1_QL75_UX400_.jpg
6af8590d-4d78-45da-9561-f13a27301faf,tt2074442,https://m.media-amazon.com/images/M/MV5BMTU3YTU3NzEtZGVjMi00NzBlLThkM2EtNDlmM2RkMzIxNDc0XkEyXkFqcGc@._V1_QL75_UX400_.jpg
6bc22fab-cb58-4409-b7d0-0b3665a74ae8,tt5652038,https://m.media-amazon.com/images/M/MV5BMjc2NGQ2N2QtN2ZiZi00MGZkLThlNWItNDNlYjlmMzIzODVlXkEyXkFqcGc@._V1_QL75_UX400_.jpg
6be27471-2dd9-4989-8307-e5e96e9c38da,tt0374607,https://m.media-amazon.com/images/M/MV5BMjkxNTAwM2UtYWY5ZC00MzY0LWIyZTAtYjBlYzhlMTI4ZDM0XkEyXkFqcGc@._V1_QL75_UX400_.jpg
6c6cb534-5013-4b5f-929e-cdc5436c38aa,tt4135342,https://m.media-amazon.com/images/M/MV5BNTQ3YWQ1ZDAtNjZiMC00MDU4LWFmY2YtZTMyNDFiMWMxYzdlXkEyXkFqcGc@._V1_QL75_UX400_.jpg
6c9311bf-21da-4959-b137-745230ae523a,tt11428118,https://m.media-amazon.com/images/M/MV5BYjI1NTkzNDItMTkwZi00MWIxLTk1YzctOTM1OWQ5OTU3MzNiXkEyXkFqcGc@._V1_QL75_UX400_.jpg
6cb70f8c-da1a-472e-87e7-bab2ac224af2,tt2899768,https://m.media-amazon.com/images/M/MV5BYTVmOTNmYWItM2YzZS00YzM2LThjNDctMGVkOGI1YWMxYTRmXkEyXkFqcGc@._V1_QL75_UX400_.jpg
6cb927b3-4760-46c8-9002-ff4a47d57a4a,tt0330930,https://m.media-amazon.com/images/M/MV5BYzU2Yzg3ZTUtNjNjYy00ZGM0LWFiYzktZmE3M2MyNzQ1Mjk2XkEyXkFqcGc@._V1_QL75_UX400_.jpg
6cd444d6-6165-43be-98ed-8b9e115f3e41,tt3648510,https://m.media-amazon.com/images/M/MV5BMjIwNTE0MzE2Nl5BMl5BanBnXkFtZTgwNDQ1NTc0MjE@._V1_QL75_UX400_.jpg
6d22c585-0fca-4653-936e-302094c2adc7,tt6913732,https://m.media-amazon.com/images/M/MV5BOWY1ZmZmMmItMjcyNy00MGRiLWE1OGMtZjVhMmZhNDk4ZTQwXkEyXkFqcGc@._V1_QL75_UX400_.jpg
6d408030-e673-41c5-b4ce-5d713e8483de,tt0092006,https://m.media-amazon.com/images/M/MV5BMDkzOWNhMmMtN2E5Yy00ZWFmLWFhMWUtYTRlN2FlNDFmODJmXkEyXkFqcGc@._V1_QL75_UX400_.jpg
6d647d21-0443-47f2-ab0c-c1aab661c9a1,tt7635308,https://m.media-amazon.com/images/M/MV5BNTQ5MjhiNTQtOTVkYy00N2QwLTk0NTgtMDg2YjIzNDM0MjhmXkEyXkFqcGc@._V1_QL75_UX400_.jpg
6d867402-f033-4d30-ae20-a149cfa5cacf,tt0160910,https://m.media-amazon.com/images/M/MV5BOTlhNDYwYjktYjBkZi00MTJjLWE3YTktMzQ1NTc3MWVmMjFlXkEyXkFqcGc@._V1_QL75_UX400_.jpg
6e55887b-96a6-4f6d-be66-6173703bfd63,tt0888047,https://m.media-amazon.com/images/M/MV5BODZjMjU3NzEtMWQ2YS00ZTFhLTljNTEtY2Y3MGQ5YThiY2NlXkEyXkFqcGc@._V1_QL75_UX400_.jpg
6e5cd268-8ce4-45f9-87d2-52f0f26edc9e,tt0084726,https://m.media-amazon.com/images/M/MV5BOTFkZDY5NWQtMjY4Yy00OThiLTk3YjQtMDdhYTllMTI4MTdiXkEyXkFqcGc@._V1_QL75_UX400_.jpg
6ecc7a32-14a1-4da8-9881-bf81f0f09897,tt1408101,https://m.media-amazon.com/images/M/MV5BMTk2NzczOTgxNF5BMl5BanBnXkFtZTcwODQ5ODczOQ@@._V1_QL75_UX400_.jpg
6ed3a1f3-7259-4773-a44a-29932d814fdf,tt0074061,https://m.media-amazon.com/images/M/MV5BMjEyNjE4MDEzNV5BMl5BanBnXkFtZTgwNjY0OTkwMDE@._V1_QL75_UX400_.jpg
6f871442-9c3d-47b0-8808-992ab97312d2,tt0304745,https://m.media-amazon.com/images/M/MV5BZTdiZDRjYWQtNjhkMy00YjIxLWI0MzQtYjg1YmJlMDdmOTc5XkEyXkFqcGc@._V1_QL75_UX400_.jpg
6f8dc3c8-2221-473f-81ff-0c25ad2c01a0,tt0049031,https://m.media-amazon.com/images/M/MV5BZGI0NjY3ZWMtNjQ5Zi00M2MwLWIwOWMtZTMzM2U3ZTA4NmMxXkEyXkFqcGc@._V1_QL75_UX400_.jpg
6fddb231-8127-42f0-81e5-f53a806c2ae8,tt0054073,https://m.media-amazon.com/images/M/MV5BODg4MzdhMzUtMDc0Zi00NzlhLWFhZTctZWFmZjY1M2IzZmEzXkEyXkFqcGc@._V1_QL75_UX400_.jpg
700137a3-1b15-4ed1-a17f-bf4c5e6b814e,tt0027040,https://m.media-amazon.com/images/M/MV5BNzYzNjMxMzY1MV5BMl5BanBnXkFtZTgwOTA2NTAwMjE@._V1_QL75_UX400_.jpg
70203d0c-9df4-42ae-80fb-39dd0dab4f6a,tt0457489,https://m.media-amazon.com/images/M/MV5BMTYxNzU0NTc3MF5BMl5BanBnXkFtZTcwNTM1MzEzMQ@@._V1_QL75_UX400_.jpg
703d7f37-2933-436e-826e-0b192601e198,tt0272306,https://m.media-amazon.com/images/M/MV5BZWVjNGQ5YzctMDg4MS00MDMxLWExMDctZTdhOWVhZjkwNWVmXkEyXkFqcGc@._V1_QL75_UX400_.jpg
707aaaba-e6a4-4271-9a14-1de111b04259,tt0484333,https://m.media-amazon.com/images/M/MV5BMTg4MTIzNzIwOF5BMl5BanBnXkFtZTgwODQ3MDA2MDE@._V1_QL75_UX400_.jpg
714a1698-d568-4e0e-b339-c23c33a3444b,tt0278737,https://m.media-amazon.com/images/M/MV5BMTY3NDA2NjUwMF5BMl5BanBnXkFtZTcwMjM3NzQyMw@@._V1_QL75_UX400_.jpg
71948ef1-0cb2-4ce5-ad20-7c10764b0e42,tt0088613,https://m.media-amazon.com/images/M/MV5BMjA0Mjg5MDE2MV5BMl5BanBnXkFtZTcwMDQ1NTYyMQ@@._V1_QL75_UX400_.jpg
7200e87c-0a8f-406e-8d47-72daa4a64886,tt6007036,https://m.media-amazon.com/images/M/MV5BNTM2NTkwNDM5OV5BMl5BanBnXkFtZTgwMjM5MzI5OTE@._V1_QL75_UX400_.jpg
72900b34-4169-451b-a896-2a16844eac7b,tt1502804,https://m.media-amazon.com/images/M/MV5BODIxNmE5MTYtNmUwMS00ODY0LWI5MTgtNWIwYWI5YzM5OTYyXkEyXkFqcGc@._V1_QL75_UX400_.jpg
73725516-9067-4b3b-ad44-8c73d330b8a8,tt0290273,https://m.media-amazon.com/images/M/MV5BNDE1Y2MzYjUtMzQ2ZS00NmE4LTg1YzItYWI0YzMxZDNlNDU0XkEyXkFqcGc@._V1_QL75_UX400_.jpg
73ecd1e6-6326-405a-b51b-69008f383b72,tt1149396,https://m.media-amazon.com/images/M/MV5BYmMwNGFmNTgtNjUxNi00ZmY1LTgxN2YtYjRlYjcxYWM4NjMzXkEyXkFqcGc@._V1_QL75_UX400_.jpg
741094e8-89f8-43c4-a293-985c80bab335,tt1385821,https://m.media-amazon.com/images/M/MV5BODVjNTg1YTctMTk3ZS00ZWRmLWE4NWQtMTJmNTY0NjdlNGRjXkEyXkFqcGc@._V1_QL75_UX400_.jpg
7429fb65-1436-4035-832d-3ef8fb8851fa,tt0819624,https://m.media-amazon.com/images/M/MV5BOTVlNmQ4YTUtYzNmZi00NGJkLThiNjQtZTRlMGQ2NjliY2RjXkEyXkFqcGc@._V1_QL75_UX400_.jpg
7524f3a2-2f59-4e61-9c73-ad34484913d2,tt0216237,https://m.media-amazon.com/images/M/MV5BN2YyZjQ2YmQtY2RiOS00ZGViLTg2YzYtYjBkMDYzMDVlZWNlXkEyXkFqcGc@._V1_QL75_UX400_.jpg
754589c1-e304-4ed8-87bc-1ac897529b97,tt5459566,https://m.media-amazon.com/images/M/MV5BMTk2MDMwODgyMF5BMl5BanBnXkFtZTgwODI2Nzk5NzE@._V1_QL75_UX400_.jpg
75475f58-c0ea-4d6d-9f78-bb44d971a21f,tt9297164,https://m.media-amazon.com/images/M/MV5BZmRmNDI4MjQtYWY4Yi00NjgxLTk1OWUtZmZlMDM1N2Y2ZTlhXkEyXkFqcGc@._V1_QL75_UX400_.jpg
75609cee-bc87-493d-8c1f-32c7e8ccc368,tt5028586,https://m.media-amazon.com/images/M/MV5BMTUyMDU1NDk4Ml5BMl5BanBnXkFtZTgwNTM1ODM5NjE@._V1_QL75_UX400_.jpg
75a958bb-ee3f-4710-b1c2-da8eedfc42f9,tt0078317,https://m.media-amazon.com/images/M/MV5BNGFlMTA3Y2UtNWVmMS00OGQzLWI5YWYtNDU3ZTlmYTdmZjg2XkEyXkFqcGc@._V1_QL75_UX400_.jpg
75ac61b5-763e-449c-ab31-381ef3ac9336,tt2039380,https://m.media-amazon.com/images/M/MV5BNDQyNTQyNzkxNl5BMl5BanBnXkFtZTgwMTU4NTkyNzE@._V1_QL75_UX400_.jpg
75ded9f4-1894-4996-8945-0023fe055bc0,tt0937241,https://m.media-amazon.com/images/M/MV5BNDI0OWFkYTctM2I0NS00Njc5LTlkMGItNjI0MGU1ZGU5YTFjXkEyXkFqcGc@._V1_QL75_UX400_.jpg
765659fe-df28-4bba-a923-d02d809a4c73,tt0455776,https://m.media-amazon.com/images/M/MV5BNmEwZTNmMjMtNGJmZi00YTFjLWE4ODQtZTcyNzQ1ZmUzMDBlXkEyXkFqcGc@._V1_QL75_UX400_.jpg
76ab440d-373c-4431-9cce-e71bf8dce462,tt2343779,https://m.media-amazon.com/images/M/MV5BMjk0MjE2NzI5Ml5BMl5BanBnXkFtZTcwNTc2NjU2Nw@@._V1_QL75_UX400_.jpg
76f3ace1-f126-4fc8-98ac-5d48e0352d14,tt1736611,https://m.media-amazon.com/images/M/MV5BMTE2ZDJhMmYtNjdmNy00OTRhLTg4NmEtZjliY2Q0MWMwZDZhXkEyXkFqcGc@._V1_QL75_UX400_.jpg
779d40c7-daef-4d3f-8b4a-1756436585ba,tt2034873,https://m.media-amazon.com/images/M/MV5BY2Q4MGI3NzItNzEwMS00ODA4LWExYTktMjI2YzJmMzIyMTJmXkEyXkFqcGc@._V1_QL75_UX400_.jpg
77bff1a8-f6e2-4a6c-b555-b5d44c34c0dd,tt2621446,https://m.media-amazon.com/images/M/MV5BMjEzMTY4NTgyNF5BMl5BanBnXkFtZTgwMDc2OTg5NjE@._V1_QL75_UX400_.jpg
77c07191-ea18-4e55-bb13-275a2f2259fe,tt0058026,https://m.media-amazon.com/images/M/MV5BOTNjY2ZlZWUtZGNkNC00NzQwLTgxNWYtOTg5MjMxOGEwMzE1XkEyXkFqcGc@._V1_QL75_UX400_.jpg
78566220-add4-4171-bd86-3d41a1e9cd2d,tt0284061,https://m.media-amazon.com/images/M/MV5BNmI1YmVmZjYtMWRkMy00ODVmLTliYmQtNjJhY2NlZTdmNWM2XkEyXkFqcGc@._V1_QL75_UX400_.jpg
78c73283-cd39-48d8-aa59-9f573f740030,tt0061981,https://m.media-amazon.com/images/M/MV5BMThjMDEwYzktYzU5Yy00OWVhLThmYmMtYzFmMGE1NmEzMGUwXkEyXkFqcGc@._V1_QL75_UX400_.jpg
78efe505-6ef8-41f7-88ef-15840be2e680,tt0086355,https://m.media-amazon.com/images/M/MV5BN2YxNjU4MmYtNThiYS00YWM1LWI5OGQtNmRkZjc1ZmZhODkzXkEyXkFqcGc@._V1_QL75_UX400_.jpg
78ff9d2c-4b31-495c-a2b5-07078fdae8e0,tt2275656,https://m.media-amazon.com/images/M/MV5BMTkwMzM2NDQ1Nl5BMl5BanBnXkFtZTgwMzAyODExMTE@._V1_QL75_UX400_.jpg
791b46cb-3667-4ac5-b5ad-2c8590c92911,tt0285416,https://m.media-amazon.com/images/M/MV5BZjk3NzM1MDUtNDJmYi00MDY4LWE5Y2QtZjNjNjM2YjkzM2NjXkEyXkFqcGc@._V1_QL75_UX400_.jpg
7921b314-6762-4ce9-bb4a-2c1998c1cd3e,tt1590938,https://m.media-amazon.com/images/M/MV5BZTE5ZDgwM2ItNmI2ZS00ZThkLTk3MDItODdkMDYxZDg2M2Y5XkEyXkFqcGc@._V1_QL75_UX400_.jpg
7998a24d-a6de-4ba7-892c-b9a4f7f83373,tt1737995,https://m.media-amazon.com/images/M/MV5BMDI2ZDYzNzQtODI1OC00ZWVmLWFmNzEtMzA2YmNkMjgxOWFmXkEyXkFqcGc@._V1_QL75_UX400_.jpg
79daed69-d62f-4037-aeb3-91d6fd5a88d1,tt0033697,https://m.media-amazon.com/images/M/MV5BNjc5ODI2NzU0M15BMl5BanBnXkFtZTcwMzg0Mzk0NQ@@._V1_QL75_UX400_.jpg
79e29f45-8b92-4a37-af07-57431d951dbe,tt0295643,https://m.media-amazon.com/images/M/MV5BMDM5NDY1NWYtZWQ1ZS00YTQxLWE4MWMtMjUyZmFkYWMwNjMwXkEyXkFqcGc@._V1_QL75_UX400_.jpg
7a72d59b-61a5-4450-bf7c-b5fac4605cb1,tt0030789,https://m.media-amazon.com/images/M/MV5BNzZiODQ0OGUtMmMzOC00NzBiLWFiNjctYzYxZjVkYWY3ZjE5XkEyXkFqcGc@._V1_QL75_UX400_.jpg
7a87274a-541a-405c-b148-5946f6c707d4,tt0338460,https://m.media-amazon.com/images/M/MV5BOGU4ZmNmMjQtZjIxMi00MGFmLTk2ODItYTBkNTA0MDRhNWNkXkEyXkFqcGc@._V1_QL75_UX400_.jpg
7b1c1238-6e7f-4e8c-8911-10a749dfb8ad,tt0143031,https://m.media-amazon.com/images/M/MV5BNDRmNjQzNDEtZGYyMi00ODI4LWI0NTYtYzc1ZGYzYzEzZGE3XkEyXkFqcGc@._V1_QL75_UX400_.jpg
7b9ead63-df01-4a5d-b34e-2252173df08a,tt0295762,https://m.media-amazon.com/images/M/MV5BMWQ3MmNhYzUtMDA3Mi00Mzg2LTgyMzktNDNmMDY1M2FmYzBkXkEyXkFqcGc@._V1_QL75_UX400_.jpg
7bb20f05-4f91-41a7-882f-63607544679b,tt0295851,https://m.media-amazon.com/images/M/MV5BM2JjNTU4MGEtMzRiZS00ZjUzLWI2NTktNjRhMWI3OWM4MDZiXkEyXkFqcGc@._V1_QL75_UX400_.jpg
7bfff4ff-2692-41d0-a669-fbfbdaddcd72,tt1239321,https://m.media-amazon.com/images/M/MV5BZTA2MzZkOTItNzEwNi00ZjhjLTliZjYtMDczZjg2MmJiNzQ5XkEyXkFqcGc@._V1_QL75_UX400_.jpg
7c6c5f66-4322-483d-8307-655294185026,tt3176284,https://m.media-amazon.com/images/M/MV5BNjA4OGM5Y2EtYWZiMy00NDcxLTk4YjMtNWYzYmI2YWU2ZDE5XkEyXkFqcGc@._V1_QL75_UX400_.jpg
7ca68da5-0790-4e75-908a-9f164bed923c,tt39499272,https://m.media-amazon.com/images/M/MV5BMmU1OTE5YzEtYjVjMy00MWYwLTlhN2MtYzQzZjNjMWY5NDE2XkEyXkFqcGc@._V1_QL75_UX400_.jpg
7ca79d2f-d600-4691-9ac7-24089951de64,tt0297319,https://m.media-amazon.com/images/M/MV5BODQyZGQxOTUtMzYzNi00ZGNjLWEwOGEtMjUzZWU1M2I2Y2U2XkEyXkFqcGc@._V1_QL75_UX400_.jpg
7d681d50-a4ae-4d8c-9a4f-c5e788ad57b3,tt0920737,https://m.media-amazon.com/images/M/MV5BMTk2MzM1NzU4MV5BMl5BanBnXkFtZTcwMTM2NDE2MQ@@._V1_QL75_UX400_.jpg
7dc44185-c268-476d-8b0e-488a091c1d4b,tt0297410,https://m.media-amazon.com/images/M/MV5BMGFmMzZlODItZDEyZC00N2EzLTlmODgtMWY2M2FjZjRlMTJmXkEyXkFqcGc@._V1_QL75_UX400_.jpg
7f17916c-b4e1-4a3b-b22b-02ae49144d54,tt1308847,https://m.media-amazon.com/images/M/MV5BMTMzMzAwMDMzMl5BMl5BanBnXkFtZTcwMzcyNTA2Mw@@._V1_QL75_UX400_.jpg
7f28af8a-c629-4af0-b87b-39368a5b8464,tt0410447,https://m.media-amazon.com/images/M/MV5BZTdkYjQ4NzMtODFkMC00YzFiLWE2OTctNWY1YmE2MDQzYzQyXkEyXkFqcGc@._V1_QL75_UX400_.jpg
7f40ceb5-5d29-4049-9273-a4cc384b9a7c,tt1913145,https://m.media-amazon.com/images/M/MV5BOTE1OTUzMzQ1M15BMl5BanBnXkFtZTgwOTY4MjE1NjE@._V1_QL75_UX400_.jpg
7f41c013-38c6-4d11-a1b7-c5dfc6f7f195,tt0177253,https://m.media-amazon.com/images/M/MV5BYWJkMjRhYTktMjQzYS00MzlmLWE1OTUtZmMzNzNmMTlmZjc0XkEyXkFqcGc@._V1_QL75_UX400_.jpg
7f6d5e54-ee65-41ef-b4a5-bd83b6cafd56,tt3120434,https://m.media-amazon.com/images/M/MV5BZDM4M2UzMmQtMzQ0NS00OTlmLTk1M2ItMjk2ZGI1ODNhYzFjXkEyXkFqcGc@._V1_QL75_UX400_.jpg
7fca8cee-5147-4e79-9a74-82882cc6ea3a,tt1358888,https://m.media-amazon.com/images/M/MV5BM2YyZGUxZTAtYWUyNy00MjU4LTgzNTYtYWQ3MmY4YmU1ZjVkXkEyXkFqcGc@._V1_QL75_UX400_.jpg
806fe399-d3c1-4d55-92b1-e8905859aa18,tt4481310,https://m.media-amazon.com/images/M/MV5BMTk2ODUyMzgyM15BMl5BanBnXkFtZTgwNTMxNjMxNzE@._V1_QL75_UX400_.jpg
80d130f5-9244-44eb-b6ab-c67d7f21830b,tt0202755,https://m.media-amazon.com/images/M/MV5BZTU0NTQ0MmUtNmEzMy00YmNiLThiMGUtOTQ3ZDU5YjViYmE4XkEyXkFqcGc@._V1_QL75_UX400_.jpg
80d1bf50-ce62-43a8-b852-6f116ce4f91b,tt0053825,https://m.media-amazon.com/images/M/MV5BOTViNzFmYzQtMTNlNC00ZmQyLWJjMDYtNzQ3N2I5Mjg4YTQ2XkEyXkFqcGc@._V1_QL75_UX400_.jpg
80e23a27-2306-4734-9987-c76d229e8d2a,tt0426842,https://m.media-amazon.com/images/M/MV5BNDBmYzhlMDAtNGZiYi00ZDA4LTliMmYtNDk5NjVmOWI2MGU5XkEyXkFqcGc@._V1_QL75_UX400_.jpg
8167ee1a-61e2-4ec0-bb24-008822cde8cf,tt1193453,https://m.media-amazon.com/images/M/MV5BODM3YzAyY2ItODhjMS00ZmUwLThhYmYtZTA0OTlkYjI5MTU0XkEyXkFqcGc@._V1_QL75_UX400_.jpg
81fb9b97-8250-4c6c-9358-3ada29c0f795,tt0796263,https://m.media-amazon.com/images/M/MV5BNDhjYzliNWEtOWVmYS00NjdmLWEzNzItZTkzY2U4N2EwY2YyXkEyXkFqcGc@._V1_QL75_UX400_.jpg
82374933-7716-4d6d-aa27-e9e19c1c6c24,tt3478016,https://m.media-amazon.com/images/M/MV5BNzQ4YzdkMzEtOWFkOC00NzFhLWJjZTktMDZiNmQ4NTVlNjliXkEyXkFqcGc@._V1_QL75_UX400_.jpg
82d5f4b8-084d-426a-850a-d09abbab0c3a,tt1046895,https://m.media-amazon.com/images/M/MV5BMzM4MjNmN2YtODlkNS00YzY2LWFiNjYtNTZmMzI2ZmExMGI4XkEyXkFqcGc@._V1_QL75_UX400_.jpg
830857b7-64d2-4a95-98c4-b03351daff52,tt1691338,https://m.media-amazon.com/images/M/MV5BNzMwZWM1N2EtOTEwNC00ZTEyLTgyMGMtNGYyMDkyNDk1YTMxXkEyXkFqcGc@._V1_QL75_UX400_.jpg
833b1926-ef16-49a1-b41d-eddd618a036e,tt4325422,https://m.media-amazon.com/images/M/MV5BMTg0NjQ3Mzk3M15BMl5BanBnXkFtZTgwNDgzNDQzNjE@._V1_QL75_UX400_.jpg
834f66ad-7539-4d19-9d15-abf5750aab67,tt4892714,https://m.media-amazon.com/images/M/MV5BNWU4NzIyYTEtYWVkNS00YzRjLWFlODYtZTFmYmMxZGYwYzZmXkEyXkFqcGc@._V1_QL75_UX400_.jpg
8352ad91-8222-48e5-ae95-e594ab9ef69c,tt1273807,https://m.media-amazon.com/images/M/MV5BMTI0NDc4NTEwN15BMl5BanBnXkFtZTcwMTk4NzMwMg@@._V1_QL75_UX400_.jpg
835dcbe5-2bbc-40a3-8980-eb5605f0e3bf,tt0427263,https://m.media-amazon.com/images/M/MV5BZjYzMTUwNGQtNmUyNi00ZjhkLWJlODktYzE1NWI4M2NiYTI1XkEyXkFqcGc@._V1_QL75_UX400_.jpg
83af8d01-580a-462e-8c96-2171385935cc,tt0855010,https://m.media-amazon.com/images/M/MV5BMDZlMjJlYTAtNDU0YS00ZjQxLWJhMzMtODY4ZTVkZjBhNjdiXkEyXkFqcGc@._V1_QL75_UX400_.jpg
83ba0fc6-0f89-4d9a-94e0-58dcc611733b,tt5449296,https://m.media-amazon.com/images/M/MV5BMTg1ODk0MjA5N15BMl5BanBnXkFtZTgwNzkzNTk0OTE@._V1_QL75_UX400_.jpg
850bc7c9-c73a-4ad5-b628-52915c3a4086,tt6384044,https://m.media-amazon.com/images/M/MV5BNDQzNzI2NDAtNDU2Mi00NjVmLTg3ZjUtZDY0ZDIzMmE3YzExXkEyXkFqcGc@._V1_QL75_UX400_.jpg
856bc547-0bae-4de5-8bcc-6d3f9e92d3eb,tt0069945,https://m.media-amazon.com/images/M/MV5BMTE2N2Y2NDctNGFhYi00ZDA4LThkMzktMWUxOTJiMGJkYWNkXkEyXkFqcGc@._V1_QL75_UX400_.jpg
8587f29e-660e-47e2-8fce-425b2137931f,tt3158958,https://m.media-amazon.com/images/M/MV5BNzQxOTUxNTctNGEzYy00OGNmLTk2ZTAtNzE0NTgwZDYyNDIyXkEyXkFqcGc@._V1_QL75_UX400_.jpg
85c22cbc-8612-4587-8eb9-3e4ddfec0692,tt5936438,https://m.media-amazon.com/images/M/MV5BZmM1MWQxNDUtYTY1YS00MzU3LTgxNjktNWQ1MDQ2ZTM0M2QzXkEyXkFqcGc@._V1_QL75_UX400_.jpg
85f2b0da-e482-42b8-bd03-764fbaf38f5f,tt0214960,https://m.media-amazon.com/images/M/MV5BNDlhZTZiZDctNjY2Zi00ZWI3LWEyZTgtMjUxOWYyNmE4YjMxXkEyXkFqcGc@._V1_QL75_UX400_.jpg
8629bada-6df6-417c-b7bb-2e5a604be798,tt10277930,https://m.media-amazon.com/images/M/MV5BNmNhYzZmNGItZDgyYy00MTE1LTk2ZWYtYTI3ZWYzZDI3YWIwXkEyXkFqcGc@._V1_QL75_UX400_.jpg
86607a8f-bc90-47fa-8261-15647186cbf5,tt5941796,https://m.media-amazon.com/images/M/MV5BZTExM2QwY2EtZWQxMC00OWExLTk3ODAtNWVhMzE5YWNkMDY2XkEyXkFqcGc@._V1_QL75_UX400_.jpg
8682d018-1a63-4340-bee8-e38482125271,tt3228564,https://m.media-amazon.com/images/M/MV5BMjAzMDExNDU3Ml5BMl5BanBnXkFtZTgwOTk2MjAxMzE@._V1_QL75_UX400_.jpg
87677f57-63bc-4498-a39c-4985a3b37643,tt3014650,https://m.media-amazon.com/images/M/MV5BNDMwZWM2YjYtYmRiNi00YzQ3LTgzYjYtNDU5NmI5YzYyZGIxXkEyXkFqcGc@._V1_QL75_UX400_.jpg
8796d72e-0eb8-443a-80cf-100dad4de2d4,tt0241985,https://m.media-amazon.com/images/M/MV5BYTJmNTc5YjctYTllNS00NDVkLWExYWItOGYyNzU0NzllZjZmXkEyXkFqcGc@._V1_QL75_UX400_.jpg
87c64348-61a0-4e6c-99c5-a6bd8b0bcbc3,tt0825677,https://m.media-amazon.com/images/M/MV5BYjM1YzBiODMtOTM5Ni00YTFhLTk2Y2MtMzBmZWRhMGVkY2U0XkEyXkFqcGc@._V1_QL75_UX400_.jpg
87d6b5ce-5d7f-4861-8799-addfe6472918,tt0380628,https://m.media-amazon.com/images/M/MV5BNmU4MGYxNzEtOTRlYi00YTlmLTlmNjMtZDRhOTYzZmYwNjIwXkEyXkFqcGc@._V1_QL75_UX400_.jpg
8a49a52d-f278-41cf-8458-880134ff462f,tt6323140,https://m.media-amazon.com/images/M/MV5BYjFlY2M5ZGUtODkwYS00NDE2LWFkMGYtNWZlODhmN2RkODQ1XkEyXkFqcGc@._V1_QL75_UX400_.jpg
8a96580a-6b7b-422e-b4fb-694eaa269ff7,tt0051087,https://m.media-amazon.com/images/M/MV5BNWE3M2Q0MzAtZTAwMC00ZjVjLTljMGQtNGFhMzVmNDJhMDQ1XkEyXkFqcGc@._V1_QL75_UX400_.jpg
8a9981d0-98c4-447a-9709-742fe7f6d9dc,tt0281223,https://m.media-amazon.com/images/M/MV5BN2QxYmIwOWQtNGIxZi00MjkwLWJhNTktZjY5NmY5ZjQzNGU5XkEyXkFqcGc@._V1_QL75_UX400_.jpg
8aa504f7-a35b-4d79-bd56-35ef7fc17080,tt0276525,https://m.media-amazon.com/images/M/MV5BZWY4Zjg4OTEtMmFhNS00ODA5LWE2NGEtNjBjNGU5Y2I1YTMzXkEyXkFqcGc@._V1_QL75_UX400_.jpg
8b858073-913d-4954-81b7-21ea23133cd3,tt10951528,https://m.media-amazon.com/images/M/MV5BODQyNTBiMmMtZDdkMC00OTU1LTk5NTktZjc3MTQ1YzE1Mjc3XkEyXkFqcGc@._V1_QL75_UX400_.jpg
8c10ae99-80df-4dcb-929f-2f8dcf15f994,tt1729627,https://m.media-amazon.com/images/M/MV5BNzA2OTVjODgtYTY2YS00ODhjLThiMjctMDUzYTE3NTZhMmRlXkEyXkFqcGc@._V1_QL75_UX400_.jpg
8c6fc75b-0004-41c5-9e9b-36ffff653f55,tt2927680,https://m.media-amazon.com/images/M/MV5BNDY3MGMyZjgtY2IzNC00Y2QwLTk0ZWMtNmNhMDA4YzA1MzZlXkEyXkFqcGc@._V1_QL75_UX400_.jpg
8d4f3766-a857-49a3-ae9c-4565a9459a29,tt0048340,https://m.media-amazon.com/images/M/MV5BNWIzNjUxMzktYjRmYS00N2UyLWFkOWMtZWU5OTk5ZjJjOTVlXkEyXkFqcGc@._V1_QL75_UX400_.jpg
8e57a1c4-e952-4c07-a5cf-40c61dac36fa,tt0891577,https://m.media-amazon.com/images/M/MV5BMTU5ODg2ODE0N15BMl5BanBnXkFtZTgwODAzODc1MjE@._V1_QL75_UX400_.jpg
8f15d136-7d8f-4f07-9c7f-a7b9d95fe3e9,tt0062304,https://m.media-amazon.com/images/M/MV5BMTc5NTY4NjUzMl5BMl5BanBnXkFtZTcwNzg3NzEyMQ@@._V1_QL75_UX400_.jpg
8f66a240-1072-4529-88ba-bde17d7d4061,tt4287234,https://m.media-amazon.com/images/M/MV5BMjA5ODEwMTM5NF5BMl5BanBnXkFtZTgwNzUzNDk2NTM@._V1_QL75_UX400_.jpg
8f6cf1a6-7a5c-43fd-864a-93e80d91054a,tt5716438,https://m.media-amazon.com/images/M/MV5BYWFhNmI0NWMtOWExNi00MjQwLTgwM2YtNTUzYjEzMWFmMGYxXkEyXkFqcGc@._V1_QL75_UX400_.jpg
8f896561-709d-4eb7-9b8b-91c1db95d0c0,tt0444753,https://m.media-amazon.com/images/M/MV5BYzUxOTgwOTgtMWY5MC00ODFmLTkxZTEtNzZkN2EzZGJkYzVkXkEyXkFqcGc@._V1_QL75_UX400_.jpg
8f9b0988-cddf-4af4-a876-2eee16fe402f,tt9088424,https://m.media-amazon.com/images/M/MV5BZDk1OGU0OTQtOGM2My00NDA4LTk0NTctOTYxZGM5MDFjMmI3XkEyXkFqcGc@._V1_QL75_UX400_.jpg
8fc11ab2-44cb-48fe-989c-487f72103002,tt0163281,https://m.media-amazon.com/images/M/MV5BYjVhODMzZDctNzAyYS00NDFjLThiYWMtMzA5ZDM4Mjg0YThiXkEyXkFqcGc@._V1_QL75_UX400_.jpg
9013f138-eceb-4e25-8a9d-ecbce22229eb,tt0307501,https://m.media-amazon.com/images/M/MV5BMmYyYTVhNWItYzFkZS00ZjA3LWE0YTItMjYyNTAxZjkyNmYyXkEyXkFqcGc@._V1_QL75_UX400_.jpg
91f02795-7628-4ef4-acf2-d93b892365dd,tt11559486,https://m.media-amazon.com/images/M/MV5BZWQzZTQ5NTMtMjMzNy00ZjRlLTlkYjEtMjYzOTU3ZGZiOWQxXkEyXkFqcGc@._V1_QL75_UX400_.jpg
9245bd15-e257-4a74-a502-07b23e26f7df,tt0830161,https://m.media-amazon.com/images/M/MV5BMmI2ZTM5NTEtMjhmNS00M2Q3LWI3N2QtYjkzMDk1N2NmZmE4XkEyXkFqcGc@._V1_QL75_UX400_.jpg
927602cf-ac67-4917-a2ea-7e1350fef2f6,tt0324063,https://m.media-amazon.com/images/M/MV5BOTA2NTA1OWItMzgwOS00YTU1LWIyMGItYzMwMzc0MWI4NGFkXkEyXkFqcGc@._V1_QL75_UX400_.jpg
92a50948-5bf8-4d4a-8001-6fa98da6daa3,tt4502192,https://m.media-amazon.com/images/M/MV5BN2QwZmU4ZWQtMTNlMS00ZDEwLWE1MWEtYWIxNjdjNWY4ZWIwXkEyXkFqcGc@._V1_QL75_UX400_.jpg
92dcddff-a70e-497c-92dc-0da12d1d528a,tt4855530,https://m.media-amazon.com/images/M/MV5BZTQxNTI2MDQtNzEyNS00OWQ2LTg1ZTUtMDI2YzQwNWM0ZDA1XkEyXkFqcGc@._V1_QL75_UX400_.jpg
92ea2386-2ef1-4ba9-a390-3120a0f8aa7f,tt0060717,https://m.media-amazon.com/images/M/MV5BNDkxZDkyNzQtNTgxZi00YzJkLTlmNmMtYjA3YWZmOTIzY2MxXkEyXkFqcGc@._V1_QL75_UX400_.jpg
92f246d5-c125-4362-b380-2a993f975757,tt0090840,https://m.media-amazon.com/images/M/MV5BZWNkYTMwZGMtZmYyYi00MGZiLWExNDgtZjNmODFmZWY3NWViXkEyXkFqcGc@._V1_QL75_UX400_.jpg
933fe9ef-70ea-4903-8119-2c864c4fdb8b,tt0215207,https://m.media-amazon.com/images/M/MV5BMTI3YmU1MmQtN2EwZi00MmYyLTg3MjMtMWNkOGY4MzdjMTJmXkEyXkFqcGc@._V1_QL75_UX400_.jpg
935e418d-09f3-4de4-8ce3-c31f31580b12,tt1411664,https://m.media-amazon.com/images/M/MV5BMjIzMjY4MTk2M15BMl5BanBnXkFtZTcwNzQ3ODg3NQ@@._V1_QL75_UX400_.jpg
938eebcd-dc24-4026-beaf-c5d7fd3d958b,tt1219862,https://m.media-amazon.com/images/M/MV5BYTkxZmZhZmQtMTE5MS00MzY2LWFlM2MtNDM1Yjc2NDQxMjA3XkEyXkFqcGc@._V1_QL75_UX400_.jpg
9402098b-9a43-459b-85dd-2617813955b8,tt4266658,https://m.media-amazon.com/images/M/MV5BYjA5NDhkODYtMDk1ZS00OWJjLWFlNjEtOTUxMjc2MDM1ZjczXkEyXkFqcGc@._V1_QL75_UX400_.jpg
9430ec5e-ef91-4d13-8bf5-fabc9424c6f5,tt0458493,https://m.media-amazon.com/images/M/MV5BYjI5Zjg5YWYtYWE1MS00NzZhLWE3NmEtMjg2NmUwNTRiN2UxXkEyXkFqcGc@._V1_QL75_UX400_.jpg
943946ed-4a2b-4c71-8e0b-a58a11bd1323,tt6289242,https://m.media-amazon.com/images/M/MV5BY2NmYjU1OTAtYjQzMy00NDU5LWFhOGEtMTg1Njk2NWE3YTI1XkEyXkFqcGc@._V1_QL75_UX400_.jpg
94ca979d-8a5f-433d-93f1-076fdb838eed,tt4669408,https://m.media-amazon.com/images/M/MV5BZWNkMDkyMTUtZDQ2Yy00M2NkLWFiNzQtYjgyYWM4NmUwZjI0XkEyXkFqcGc@._V1_QL75_UX400_.jpg
952af5e8-9103-4357-b7ee-5a46c2803ae9,tt1001402,https://m.media-amazon.com/images/M/MV5BMWE5NGRlMTQtMTZjZS00OWNjLWI5ZGItMjAzMjBlYTliMDIxXkEyXkFqcGc@._V1_QL75_UX400_.jpg
96198bec-04bf-4ac7-9538-cbf40d1e25db,tt5131140,https://m.media-amazon.com/images/M/MV5BYmY5ZTQyNGItMmQxZS00ODc2LWJmOTMtZWZkZjc5ZWY0MGM3XkEyXkFqcGc@._V1_QL75_UX400_.jpg
96c5ff26-b615-408a-a144-137664907c48,tt0118178,https://m.media-amazon.com/images/M/MV5BZTNjNzI3YTItMDUyMy00ODY1LWIwNjgtZDU3ZTRlNTliMmI3XkEyXkFqcGc@._V1_QL75_UX400_.jpg
97bddcae-bf97-4c4f-be11-f0d7e060c230,tt1051697,https://m.media-amazon.com/images/M/MV5BYTZlMzk1Y2ItMjkyNi00MjZiLWIxZDktM2IwNDQ5ZGM1MDA5XkEyXkFqcGc@._V1_QL75_UX400_.jpg
97f168bd-d10d-481b-ad38-89d252a13feb,tt0461705,https://m.media-amazon.com/images/M/MV5BMjE2MDg4NjExMV5BMl5BanBnXkFtZTcwMjEyMTAzMQ@@._V1_QL75_UX400_.jpg
9905f1ff-5da7-4142-97e6-7a0677228493,tt0025830,https://m.media-amazon.com/images/M/MV5BNmJjNjZlZDYtY2M1My00MDEwLThlOWYtZGI0ZjlmZDg2ZDQ2XkEyXkFqcGc@._V1_QL75_UX400_.jpg
991d143e-1342-4f7c-abf0-a9ede3abba20,tt1534098,https://m.media-amazon.com/images/M/MV5BYTYyMzMzNWItYzlmMS00ZWZmLThiYmEtYzUyYjg3YjJjMWRjXkEyXkFqcGc@._V1_QL75_UX400_.jpg
99494e57-559b-4e76-8a94-b400dd3f0f45,tt0444953,https://m.media-amazon.com/images/M/MV5BN2RlMDlkMmEtMjE5Yi00N2M5LTkzNGUtMmIxOGVkNjZiZTM3XkEyXkFqcGc@._V1_QL75_UX400_.jpg
99b66308-a556-40e7-afd0-1c9cb014b512,tt0214158,https://m.media-amazon.com/images/M/MV5BMjI3NzcyNTU1MV5BMl5BanBnXkFtZTcwNzI0MDAyMQ@@._V1_QL75_UX400_.jpg
9ab0f226-316f-415a-a7af-9a5060b13026,tt0434548,https://m.media-amazon.com/images/M/MV5BMGFhYzY0OTEtNDI2NS00NDEwLThhZGMtNGM0MDQ5OTdiMWRhXkEyXkFqcGc@._V1_QL75_UX400_.jpg
9ad55eb5-6078-4933-b746-42f23cf6a244,tt0235240,https://m.media-amazon.com/images/M/MV5BNjM3OTU4ODY5M15BMl5BanBnXkFtZTcwMjMwNDMyMQ@@._V1_QL75_UX400_.jpg
9b21babd-5eb7-432b-8d2b-d28980b740f1,tt0116001,https://m.media-amazon.com/images/M/MV5BMTgxNTIyODc3Ml5BMl5BanBnXkFtZTcwMTQxNzcxMQ@@._V1_QL75_UX400_.jpg
9b2ed617-e297-46ae-842b-6ef9c4d901f1,tt3579168,https://m.media-amazon.com/images/M/MV5BZDk1ZmVlNzUtN2YyNC00YWE2LWIwNzItZGMzMjQ3MzcyMzUwXkEyXkFqcGc@._V1_QL75_UX400_.jpg
9b3c278c-665f-4055-a824-891f19cb4993,tt2732442,https://m.media-amazon.com/images/M/MV5BYmFmZTk2ODUtODEzNC00MTQ5LWJkN2QtZjUyZDEzZWRmODJmXkEyXkFqcGc@._V1_QL75_UX400_.jpg
9b70da60-15c9-4f05-ae3a-ec07bf7cfb0d,tt1312156,https://m.media-amazon.com/images/M/MV5BZGQwNzcyZTAtZTA3MC00MjQ0LWE2YTMtN2FlM2Q2OGY4ODFhXkEyXkFqcGc@._V1_QL75_UX400_.jpg
9c3de8d8-4259-4cae-bd24-7280488b64c8,tt0368298,https://m.media-amazon.com/images/M/MV5BMzJlM2E1ZjktNjE2OC00YmFhLTg2NTktMzNjMDFkMzJiNGI2XkEyXkFqcGc@._V1_QL75_UX400_.jpg
9c7dc26a-489d-4c08-9bba-6ae9dc8117f1,tt1699114,https://m.media-amazon.com/images/M/MV5BNDM0Nzc3YjAtODIwMy00NWZiLTk4YzgtZGQ0OTk1ZDRhYmNkXkEyXkFqcGc@._V1_QL75_UX400_.jpg
9d284e83-21f0-4073-aac0-4abee51193d8,tt0120844,https://m.media-amazon.com/images/M/MV5BNTQwZDg2NGQtNjEwNS00ZWVhLWE0YTEtYjhkZWM0NjdkOWIzXkEyXkFqcGc@._V1_QL75_UX400_.jpg
9d8bcded-9d04-45d9-96af-094b9b09dbf4,tt0390145,https://m.media-amazon.com/images/M/MV5BMTljYTk0YjYtYTRjZC00NWM1LTljMjYtNTczOWM1NTRkZjQ3XkEyXkFqcGc@._V1_QL75_UX400_.jpg
9da2813c-cb57-4c7d-9a8e-5081ce5adb28,tt4644286,https://m.media-amazon.com/images/M/MV5BMzM0ZGFhNzctMmFmMS00NmNhLTgzZDEtMTE2YzdjNzQ3NTAxXkEyXkFqcGc@._V1_QL75_UX400_.jpg
9dafd566-df40-427c-8367-b8904e69d006,tt1970025,https://m.media-amazon.com/images/M/MV5BN2JkZjU0N2MtYmI5OC00Njk5LThhZGMtNDk5OTQyOTU3ZTM5XkEyXkFqcGc@._V1_QL75_UX400_.jpg
9db186d9-a813-4d86-8e3e-d023cc9926c8,tt7769872,https://m.media-amazon.com/images/M/MV5BNzBkODVkNTUtNDBiOC00Y2ZiLWExMjAtODc0YzA4YTZmZDkwXkEyXkFqcGc@._V1_QL75_UX400_.jpg
9e3c4a97-0bca-4d0c-af93-dad143407d0f,tt1386723,https://m.media-amazon.com/images/M/MV5BNDkzNjk0NWUtMjIwOS00ODIxLTkzYTctZDg1MzAwNGFmMGExXkEyXkFqcGc@._V1_QL75_UX400_.jpg
9ec83587-6918-43ee-9268-b366cf0a74ad,tt0086609,https://m.media-amazon.com/images/M/MV5BZTVkOTE5YzEtY2Q5ZS00MDFhLWJkMDctNjU4ODQ3ZDFlMDBjXkEyXkFqcGc@._V1_QL75_UX400_.jpg
9f9393d3-c54e-4e4f-bab0-272a7f80de9e,tt0129712,https://m.media-amazon.com/images/M/MV5BMTIwOTQwMDc4N15BMl5BanBnXkFtZTcwMjAwNTY0MQ@@._V1_QL75_UX400_.jpg
9f9a2a1f-1d6d-4cb4-b7c2-907dbeb88c03,tt0216258,https://m.media-amazon.com/images/M/MV5BMjA0MmI0MjgtY2NjNy00ZTRiLThmYTAtZDI2YmMwZjEyNWE2XkEyXkFqcGc@._V1_QL75_UX400_.jpg
9fd7b078-7ec4-48ef-8ca1-c00f39d3296e,tt1206087,https://m.media-amazon.com/images/M/MV5BMDRkNTg2NmYtYjY5NC00YzFiLWFkOWUtOTE1YTNjZTlhMDlkXkEyXkFqcGc@._V1_QL75_UX400_.jpg
a028b7af-0775-42a5-9739-8ff48ea478d1,tt0164179,https://m.media-amazon.com/images/M/MV5BMTk5NDdhZjMtNDY4NS00MmRjLTkxMDktYzU3MmQxMzYwOGNhXkEyXkFqcGc@._V1_QL75_UX400_.jpg
a0451bbf-e64d-4756-8360-e10382f86dc9,tt0269483,https://m.media-amazon.com/images/M/MV5BMTQ5OTM2NDE1NF5BMl5BanBnXkFtZTgwNTU1NTgwMzE@._V1_QL75_UX400_.jpg
a06b7eb3-cd92-41f4-a98c-dc0e8339e407,tt1293813,https://m.media-amazon.com/images/M/MV5BMjEwOTEzNjUxNF5BMl5BanBnXkFtZTgwMDM4MjA2MDE@._V1_QL75_UX400_.jpg
a144d250-6667-47e4-94bd-0ee59c0dc05f,tt0106145,https://m.media-amazon.com/images/M/MV5BMzg3Mzg5ZmYtYTZhNy00NTQ4LWFiYjAtODYxODBlNDViMzYxXkEyXkFqcGc@._V1_QL75_UX400_.jpg
a166f73e-944b-4815-b252-3ac6d47635e1,tt0423261,https://m.media-amazon.com/images/M/MV5BMWYyNjljZGMtZGI3Ni00NWFjLWE3M2ItOTYyNWE1OTQzMjQxXkEyXkFqcGc@._V1_QL75_UX400_.jpg
a1a1d0e2-b564-42df-87f4-ffd0e3cf0492,tt0388625,https://m.media-amazon.com/images/M/MV5BZDNlMDI2YzMtNWQ0NC00ZGUxLWJlN2MtOWM5OThkYmU3NGUzXkEyXkFqcGc@._V1_QL75_UX400_.jpg
a2002931-73bc-4331-8381-c62af1ac2c46,tt0311773,https://m.media-amazon.com/images/M/MV5BMTIwMzYxODM3Ml5BMl5BanBnXkFtZTcwNDQ1NTQyMQ@@._V1_QL75_UX400_.jpg
a20566a2-b3ec-4814-ae9a-040aabcb38e7,tt0459164,https://m.media-amazon.com/images/M/MV5BYTU3NDZmZTktYjQxOS00MTJjLThkMzYtODlhZjU5MTJhN2VmXkEyXkFqcGc@._V1_QL75_UX400_.jpg
a219cfdf-3453-4100-92f9-72d3cdd805e7,tt2273275,https://m.media-amazon.com/images/M/MV5BMjA0ODk1MTQyMF5BMl5BanBnXkFtZTgwNTA5NTM0MzE@._V1_QL75_UX400_.jpg
a2ff04cc-eede-43fc-a503-07f037be8cc8,tt1113745,https://m.media-amazon.com/images/M/MV5BNjdmNTlmZWUtNzBjMi00YjYxLWI4ZTAtNDQwMWVlYmUwYTlmXkEyXkFqcGc@._V1_QL75_UX400_.jpg
a4874497-1fcb-4590-8ce7-b677922637e0,tt1831832,https://m.media-amazon.com/images/M/MV5BODJhOGUyNGEtYzZiNS00ZGM0LWFmZjMtN2UzMWVkYmIzMTljXkEyXkFqcGc@._V1_QL75_UX400_.jpg
a4c898f1-48f7-4f3c-ba34-a5b5fc8cd14c,tt2519424,https://m.media-amazon.com/images/M/MV5BMWRhZmRiYmItZWY0NS00OTNhLTg1NTEtYWJhMDNmMmZmMDQ2XkEyXkFqcGc@._V1_QL75_UX400_.jpg
a58961cb-0b46-49f5-8a59-20b0118f57b4,tt0410448,https://m.media-amazon.com/images/M/MV5BNDQxODk3NjctN2RjMi00YWVjLTgwNDUtYzk0YWI4YzBlMjQ1XkEyXkFqcGc@._V1_QL75_UX400_.jpg
a5b45ada-0a0a-473f-be22-e0b90e01d5d9,tt1704271,https://m.media-amazon.com/images/M/MV5BMzgxNGRjOWQtMTAyNy00YjU2LThiNjktZWQ0MDk2M2JhNTVjXkEyXkFqcGc@._V1_QL75_UX400_.jpg
a6fed222-b60c-49ff-bcd6-30e9472bc4c4,tt0217820,https://m.media-amazon.com/images/M/MV5BMjM2YzlmYzYtNDcxYy00NzAxLTkxZWMtMzZhMmMwYWFkYWQzXkEyXkFqcGc@._V1_QL75_UX400_.jpg
a72e0406-8b09-4f7a-9d2b-cd261c2729f4,tt10555674,https://m.media-amazon.com/images/M/MV5BNWY3YTk5OGQtMzMzYy00NjYyLTgzNzktY2VmMGI2MDY5NzI5XkEyXkFqcGc@._V1_QL75_UX400_.jpg
a7a47b34-1a62-4886-9b87-0bdb9a76ca93,tt0493184,https://m.media-amazon.com/images/M/MV5BYTViYTgwYjEtYjZhMC00ZWVlLThhOWMtOTMwZTJlZjk1NDAxXkEyXkFqcGc@._V1_QL75_UX400_.jpg
a801e84c-316a-4c0c-a5a5-cc024234b2cb,tt2252642,https://m.media-amazon.com/images/M/MV5BNTVmYTM1MDUtMjhkZC00ZDViLTk5NDEtZDJjNjkxNzBhNWNhXkEyXkFqcGc@._V1_QL75_UX400_.jpg
a88cbbeb-b998-4ca6-aeff-501463dcdaa0,tt2402070,https://m.media-amazon.com/images/M/MV5BZmNiZTBhNGUtNDNjNC00NjgzLThiZmQtYzU1NGI0MzFlOTcxXkEyXkFqcGc@._V1_QL75_UX400_.jpg
a99d6476-4b05-467d-a612-b7ebbec900dc,tt2546008,https://m.media-amazon.com/images/M/MV5BZmYyM2IzZDQtY2RlNy00MjQ2LWI5NzUtMDgyNjY1YTdjMzI1XkEyXkFqcGc@._V1_QL75_UX400_.jpg
a9b57067-b910-47b8-bb83-3169429c84e1,tt1459459,https://m.media-amazon.com/images/M/MV5BMTM1Mjk4MjI2Nl5BMl5BanBnXkFtZTcwMjA0MTc5Mw@@._V1_QL75_UX400_.jpg
a9bbc1d8-bb8a-41d2-b61a-d8ddc9b31ede,tt2300783,https://m.media-amazon.com/images/M/MV5BMTQ3NTM0MzU2Ml5BMl5BanBnXkFtZTgwNTEyMjU5MDE@._V1_QL75_UX400_.jpg
a9d52337-3249-49ae-92b8-65ee9ebaf359,tt2930604,https://m.media-amazon.com/images/M/MV5BZDc5YjgxNWUtYTE2Ni00NTI3LTkzZDctYzNjN2QxMzNiZmM2XkEyXkFqcGc@._V1_QL75_UX400_.jpg
a9ee0b3f-ec56-4107-9b6d-0458dfa3f415,tt9059594,https://m.media-amazon.com/images/M/MV5BMDVjZTI3NTMtNzVlNy00OGUxLTg5NGQtYjJiNDU0YTU2MDcyXkEyXkFqcGc@._V1_QL75_UX400_.jpg
aa00b2ae-86b4-43e9-9032-f0ea4c12697a,tt6821234,https://m.media-amazon.com/images/M/MV5BYTUwMDk3ZWQtN2VjMC00NmI4LTg1YzgtN2QwN2E2YzM1MTc3XkEyXkFqcGc@._V1_QL75_UX400_.jpg
aa5aea7a-cd65-4aec-963f-98375b370717,tt0178167,https://m.media-amazon.com/images/M/MV5BNDIyMWRmZTUtMTAxMS00M2E5LWI0MDYtOGJhOWVmZGY0NzY1XkEyXkFqcGc@._V1_QL75_UX400_.jpg
aa78103d-9ef7-4668-aefa-aeadafc2613b,tt5300268,https://m.media-amazon.com/images/M/MV5BNzY5ZmQzZDQtYmE2NC00MGM1LTk5NTYtMWE3MWVhZmZjNmQ1XkEyXkFqcGc@._V1_QL75_UX400_.jpg
aa7ed707-ef80-43af-9f7f-c4a9f8af9436,tt1304851,https://m.media-amazon.com/images/M/MV5BZGEzNTU3YjMtYzJkNi00NDJhLWI3OGUtNTNiZDgyYTRkODk0XkEyXkFqcGc@._V1_QL75_UX400_.jpg
aa90ffe4-6fc2-4cb9-b984-0cd169aedcd9,tt2005268,https://m.media-amazon.com/images/M/MV5BMzU0MjcxNmYtYzgyMy00NWU5LWEzMzAtZmRlMzNjMjE3MzBlXkEyXkFqcGc@._V1_QL75_UX400_.jpg
ab1643e7-08b9-43dc-8265-ffaba9635a4d,tt0284514,https://m.media-amazon.com/images/M/MV5BMmE4ZmEwN2EtMGEzZC00NDAxLWEzNDAtMGQ0ODQ5MTFmNjIwXkEyXkFqcGc@._V1_QL75_UX400_.jpg
ab2ec7a9-3cfc-448a-915c-9a0584dfc297,tt0378773,https://m.media-amazon.com/images/M/MV5BNmQ1MDMwMzgtNWExOC00Mjc5LWI0MmYtY2EzMmRjOTkzYTdkXkEyXkFqcGc@._V1_QL75_UX400_.jpg
ab6aa3c1-fa9b-4959-8b19-1daae731b84b,tt0399687,https://m.media-amazon.com/images/M/MV5BMjAwODA1OTM1MF5BMl5BanBnXkFtZTcwMTY3MDIyMQ@@._V1_QL75_UX400_.jpg
ac29ce6b-b33b-4733-bbb0-e96ddb33afcb,tt5649608,https://m.media-amazon.com/images/M/MV5BYmYzOThkZjItNGMxNi00Y2UxLTlhYTctY2QwY2YzMzQwOTE4XkEyXkFqcGc@._V1_QL75_UX400_.jpg
ac58403b-7070-4dcc-8e53-fa2d2d2284ab,tt32928305,https://m.media-amazon.com/images/M/MV5BNTI5NWQ0YTMtZjk0OC00ODU4LTkwMTAtMjgxMTI4N2RmMTBmXkEyXkFqcGc@._V1_QL75_UX400_.jpg
acaa9ff8-b261-4ff4-b194-a99fd7669542,tt0266171,https://m.media-amazon.com/images/M/MV5BOWFiMTNhNjAtNzgwZi00MjVmLTgzYzAtZjljZGU0Yzg0MWIxXkEyXkFqcGc@._V1_QL75_UX400_.jpg
ace46a3c-da44-474f-9c20-5dafc22cf0d6,tt7134120,https://m.media-amazon.com/images/M/MV5BYzEwMmNiYTctMjA5Yi00OWNjLWE2ZTAtMGQwMDVmYTJlYTc2XkEyXkFqcGc@._V1_QL75_UX400_.jpg
ace652ed-62dc-4c5a-a96d-4f4c9361ae56,tt0463838,https://m.media-amazon.com/images/M/MV5BMzVmOWUzYzctNTI1ZS00NTgwLWIyNTktNzBhZmM3ODMzYWViXkEyXkFqcGc@._V1_QL75_UX400_.jpg
adc67ce9-a096-46e7-bc70-247266a058b7,tt1589340,https://m.media-amazon.com/images/M/MV5BMTgyNzkxMTgxMl5BMl5BanBnXkFtZTcwNDM4Mzk5Mw@@._V1_QL75_UX400_.jpg
ae41e972-bff3-449c-afa1-8d722fa46a52,tt1432993,https://m.media-amazon.com/images/M/MV5BZDVjODE4YTUtZTk3OC00NmIwLTgwODgtYTQwODAyZjI2YjNlXkEyXkFqcGc@._V1_QL75_UX400_.jpg
ae890b4e-6716-4077-8f07-a7a77d9b5543,tt5424802,https://m.media-amazon.com/images/M/MV5BNjRhMTkyNzEtMDNjZS00NGVmLWEwMjUtMWIwMDQ5NjEzYmZjXkEyXkFqcGc@._V1_QL75_UX400_.jpg
aebbf032-d948-459f-a142-7a0e11a0c9ed,tt2367670,https://m.media-amazon.com/images/M/MV5BZWFkMTkyM2ItNzdiNy00ZTdlLWI0OTUtYjRjZGU3MjVlMjY4XkEyXkFqcGc@._V1_QL75_UX400_.jpg
af749d09-d3cb-40f6-a01c-c49f13df35ee,tt1552964,https://m.media-amazon.com/images/M/MV5BZjk0YmMxN2ItY2QyNS00MzQwLWE1MDAtMzdlZGZiNDkzOGU5XkEyXkFqcGc@._V1_QL75_UX400_.jpg
b1384a92-f7fe-476b-b90b-6cec2b7a0dce,tt0092455,https://m.media-amazon.com/images/M/MV5BMmNiNTQ2YzYtODBjYy00ZWMwLTlmNWMtYWE1NTQ2ZTYyZmMwXkEyXkFqcGc@._V1_QL75_UX400_.jpg
b164fef5-0867-46d8-b635-737e1721f6bf,tt0152906,https://m.media-amazon.com/images/M/MV5BNTBkNTA0ZjktOWI4Yy00Yzc4LWI1YmItNzVmMTdjNmVjZGQwXkEyXkFqcGc@._V1_QL75_UX400_.jpg
b16d59f7-a386-467b-bea3-35e7ffbba902,tt6546876,https://m.media-amazon.com/images/M/MV5BMDA5M2RlMjAtZDk0Yy00NDU2LWE2ZDYtYzUzNDc5MjAwNjdiXkEyXkFqcGc@._V1_QL75_UX400_.jpg
b1a2aae8-5c9e-4583-b89e-883c0d0c969a,tt0348111,https://m.media-amazon.com/images/M/MV5BODZhOTRjMjctZmQ1My00MDNmLWE0ODctYmFjMzUwZDc5OWUyXkEyXkFqcGc@._V1_QL75_UX400_.jpg
b1f1e8a6-e310-47d9-a93c-6a7b192bac0e,tt2660888,https://m.media-amazon.com/images/M/MV5BN2FhNDI1YTYtNWI0OC00ZjYxLWJlYWEtN2ZiZjRmZDY1MWJjXkEyXkFqcGc@._V1_QL75_UX400_.jpg
b2540995-0f91-4db1-99ed-dd7bcb3976d9,tt0175245,https://m.media-amazon.com/images/M/MV5BMWMzMjk1OGEtMzA3OC00OWE2LTgxNzMtOWU1YWE2MWIwM2FiXkEyXkFqcGc@._V1_QL75_UX400_.jpg
b2ddce38-9689-4a33-8dd6-7efd2411ed2d,tt0046362,https://m.media-amazon.com/images/M/MV5BOGEyNGJkNGEtMmNjMS00MTU2LWJlNzEtMDFhMTQ1MWMwZjcwXkEyXkFqcGc@._V1_QL75_UX400_.jpg
b31be683-6382-46c8-8b00-9c1d43fba763,tt0036118,https://m.media-amazon.com/images/M/MV5BYjk1MzIwZjQtZjY0YS00MjcwLTllOTItYTQxNGU3ZGE0ZTFmXkEyXkFqcGc@._V1_QL75_UX400_.jpg
b3d223c7-18e0-428e-aed8-257c43e95992,tt0031975,https://m.media-amazon.com/images/M/MV5BMTA1NDQ3NzgxNjReQTJeQWpwZ15BbWU4MDQ2ODA5Mjkx._V1_QL75_UX400_.jpg
b3fcaf6d-6a31-44fb-95ee-6a8993bf9c02,tt0276405,https://m.media-amazon.com/images/M/MV5BM2E2YTFmY2MtYWViNi00MDQyLTg3Y2YtYjNkNmYyZTJmNGQyXkEyXkFqcGc@._V1_QL75_UX400_.jpg
b4f69a95-47ae-41f3-b745-4c2baad6abf6,tt1515854,https://m.media-amazon.com/images/M/MV5BMTUwMTgzNTUxNl5BMl5BanBnXkFtZTcwNzE0MDMyMw@@._V1_QL75_UX400_.jpg
b5363f75-138f-4133-b61c-62cf035b4466,tt6833650,https://m.media-amazon.com/images/M/MV5BNGNlYTY2OGYtZTc4Mi00ZTRjLThiMzUtMzMwY2U3ODNiMDVlXkEyXkFqcGc@._V1_QL75_UX400_.jpg
b5709473-9df9-4c67-b1d5-7e1980e5ba2e,tt0345371,https://m.media-amazon.com/images/M/MV5BMTMxNDQ1ZWYtMjU3MC00ZDEyLWIxMmEtNDc0MDJmODQwZmIzXkEyXkFqcGc@._V1_QL75_UX400_.jpg
b577d989-9e9e-4f18-a3ba-00d79d239968,tt6357074,https://m.media-amazon.com/images/M/MV5BN2I5MjdjNTctMDFmYy00NjRmLWI2MDEtMjAwN2Y0OTRlOTVjXkEyXkFqcGc@._V1_QL75_UX400_.jpg
b57a6405-b6fa-4ac5-afda-7b8b6cbd9592,tt5165412,https://m.media-amazon.com/images/M/MV5BODA2MjM0NDQyNV5BMl5BanBnXkFtZTgwNjAxNzUzMjI@._V1_QL75_UX400_.jpg
b5a56842-df30-4313-b22f-4c492196e6c3,tt0251047,https://m.media-amazon.com/images/M/MV5BNDQ2ZGFmZTAtOTZkMi00NTI4LTk0ZjAtNDc1M2QwNzNjODUwXkEyXkFqcGc@._V1_QL75_UX400_.jpg
b68aaea2-8645-45d2-b508-4267f16e2341,tt8661098,https://m.media-amazon.com/images/M/MV5BNTcyYTVhMjEtZDBmMS00ZjRlLTkyZDEtYTM5ZjljYTA5YmU1XkEyXkFqcGc@._V1_QL75_UX400_.jpg
b6cc7d89-069f-4b42-ad44-9ed40e8f1f10,tt0820490,https://m.media-amazon.com/images/M/MV5BZTU5MmM1MmItMTA5Ny00NjE3LThjMDUtZDEwZDQwNjIyYWE0XkEyXkFqcGc@._V1_QL75_UX400_.jpg
b74a0e51-293b-4b76-9a96-0f5af7dc2030,tt0086356,https://m.media-amazon.com/images/M/MV5BNWVhYjNiZTUtMDc0Zi00NzMwLTg4NmEtYmRiZTUxN2QwYWI0XkEyXkFqcGc@._V1_QL75_UX400_.jpg
b882552c-62ea-4f95-af7e-aa1d2a3df904,tt8365432,https://m.media-amazon.com/images/M/MV5BOTg3ZDAwMDEtODE1YS00ZTZhLWJjNzUtNTQ3MmMyN2FhNjU4XkEyXkFqcGc@._V1_QL75_UX400_.jpg
b8b4d9d4-931b-4330-8246-9d548dcf7229,tt3342844,https://m.media-amazon.com/images/M/MV5BZDBiN2ExY2QtY2RkZC00NDM1LTg2MWUtOGY0YWEyYTI1ODIwXkEyXkFqcGc@._V1_QL75_UX400_.jpg
b8bb8ea6-93c8-4c80-9897-1f9b00b1265b,tt3076982,https://m.media-amazon.com/images/M/MV5BMTgxOTk2MTEzMF5BMl5BanBnXkFtZTgwNzU0OTE3MjE@._V1_QL75_UX400_.jpg
b8d690e1-2ee7-4791-83ad-1339c73662c8,tt4855868,https://m.media-amazon.com/images/M/MV5BYWQ5YzFiMWUtNTgzNy00NDYyLTk4ZDMtNzlmZDAzMjBlY2NkXkEyXkFqcGc@._V1_QL75_UX400_.jpg
b9151ead-cf2f-4e14-aeb9-c4617f68848f,tt1360833,https://m.media-amazon.com/images/M/MV5BMTk1MjMxMTE4MF5BMl5BanBnXkFtZTcwODUwMzAwMw@@._V1_QL75_UX400_.jpg
b9514b7a-eab8-4f4e-aebc-157d4e3a1719,tt0171855,https://m.media-amazon.com/images/M/MV5BNjFlYjljYTktODE5Zi00Y2MyLTgwNzQtNzhkN2Y2MWU3YzA0XkEyXkFqcGc@._V1_QL75_UX400_.jpg
b99e4551-231e-4df9-86f1-5037c3ce6a62,tt1467242,https://m.media-amazon.com/images/M/MV5BMjMxMTI4MzkyMl5BMl5BanBnXkFtZTgwODg3MzA2MDE@._V1_QL75_UX400_.jpg
ba51d178-0da6-491c-b7de-76591464fe53,tt11014036,https://m.media-amazon.com/images/M/MV5BMmM4NWVhZGMtYWI0MC00ZTgyLWI4ZGMtZmM0NGUyNGViNmE4XkEyXkFqcGc@._V1_QL75_UX400_.jpg
ba76274f-dce9-4b32-9a04-ef9809bba837,tt1808255,https://m.media-amazon.com/images/M/MV5BZDkyYjQ0YzQtN2Y5Yi00OTVlLTlhMjItZGVlZDhmY2UyMDYyXkEyXkFqcGc@._V1_QL75_UX400_.jpg
bafb1ae5-edae-4c1c-b20c-16d6618e68c5,tt6401992,https://m.media-amazon.com/images/M/MV5BMTZkMGVmMDctYWU0NC00MmViLWE3NWQtYzBiNDYwNjdhZTNiXkEyXkFqcGc@._V1_QL75_UX400_.jpg
be28b4ab-b554-4430-9244-2022d0a3af0c,tt1509637,https://m.media-amazon.com/images/M/MV5BMTI5MDcwNDk4NF5BMl5BanBnXkFtZTcwNDM3ODc4Mg@@._V1_QL75_UX400_.jpg
be9726bb-4fdf-4734-af2c-d0c9fdebfc04,tt3051894,https://m.media-amazon.com/images/M/MV5BYzVlMGQ0MTQtOTUxZi00NWFkLTk1M2ItYzQzOWE4ODAyODA4XkEyXkFqcGc@._V1_QL75_UX400_.jpg
beb9019c-2d30-44e4-a6b5-4ff27c5759b7,tt0128274,https://m.media-amazon.com/images/M/MV5BNjYyODc5Njk5MF5BMl5BanBnXkFtZTgwMzU1OTM1MjE@._V1_QL75_UX400_.jpg
bf02a1ac-c706-4985-9c82-6c109faf09dc,tt4957538,https://m.media-amazon.com/images/M/MV5BMGIzNmY0M2ItNDlmZi00NmRjLWI4MDUtOTVkMzk3YmE2YTg5XkEyXkFqcGc@._V1_QL75_UX400_.jpg
bf347d28-65ab-4e0c-b29a-74d68487966e,tt0086578,https://m.media-amazon.com/images/M/MV5BMTQ3NzQ1MDc0Ml5BMl5BanBnXkFtZTcwNzg4MjQ0MQ@@._V1_QL75_UX400_.jpg
bf3bd131-b844-4585-9974-6c374cff2371,tt0461706,https://m.media-amazon.com/images/M/MV5BMTIzNzg3Njg4Nl5BMl5BanBnXkFtZTcwMDQzMTAzMQ@@._V1_QL75_UX400_.jpg
bffeead4-4466-46b2-9f79-1b06cd06183e,tt7054344,https://m.media-amazon.com/images/M/MV5BYjU0ZWZlODQtMTZlNi00NjljLWJiYWYtNTY5ZWYzODg2YmUzXkEyXkFqcGc@._V1_QL75_UX400_.jpg
c06dd0f4-d75d-4952-a81c-36837a30351b,tt5117484,https://m.media-amazon.com/images/M/MV5BZDMxM2EyNzEtMjUzZS00OGNhLTk1ZmItYmYyMzY5Y2NhYTNmXkEyXkFqcGc@._V1_QL75_UX400_.jpg
c0f9dcf1-4110-407c-8fb9-acae55c72629,tt7238440,https://m.media-amazon.com/images/M/MV5BZGRkYTMzNTQtMGU1NC00NGIzLTk5NmMtY2VlZmRjMTlkNTk3XkEyXkFqcGc@._V1_QL75_UX400_.jpg
c1030990-2ae6-4056-8c63-a7e627ae6483,tt0286394,https://m.media-amazon.com/images/M/MV5BYTJlMTNiYzAtM2Q1NC00ZWEzLWE5ZGEtZDlmNjRlMTllMjNmXkEyXkFqcGc@._V1_QL75_UX400_.jpg
c20959d2-daca-4cb2-a104-e1ab63479da3,tt0370754,https://m.media-amazon.com/images/M/MV5BNzZmYTc1ZGQtYTYwNi00NzQyLWE0NTUtMjAxYTc1ZWQwNGMyXkEyXkFqcGc@._V1_QL75_UX400_.jpg
c20c249f-91ac-4c6a-9afe-f1c85aa9b277,tt0114529,https://m.media-amazon.com/images/M/MV5BY2UyMmY0NDYtNjgzYy00MWQyLWIyZDEtM2Q1ZjYxY2VkNGIzXkEyXkFqcGc@._V1_QL75_UX400_.jpg
c241874f-53d3-411a-8894-37c19d8bf010,tt11328926,https://m.media-amazon.com/images/M/MV5BNTE4NmQyMDAtYWVkNS00ZDg4LTk2YTAtOGU0Nzc3YjNiN2U0XkEyXkFqcGc@._V1_QL75_UX400_.jpg
c29c6ed9-99ac-4a52-b584-3ee5720fc037,tt1663158,https://m.media-amazon.com/images/M/MV5BNjVlMTNhZDYtNTAzYy00MmI1LWE2MmItZGM1YjgwNDg5MGVjXkEyXkFqcGc@._V1_QL75_UX400_.jpg
c321a0d6-14df-444b-bdf8-f228500c6de6,tt0093056,https://m.media-amazon.com/images/M/MV5BMjU3NDk0MjgyNF5BMl5BanBnXkFtZTcwMjcyMzQyMQ@@._V1_QL75_UX400_.jpg
c3c6a2ef-7776-43cb-b57d-7863bc9f7331,tt5836316,https://m.media-amazon.com/images/M/MV5BNzc4ODYwMjEwNV5BMl5BanBnXkFtZTgwNTg1Mjg1NDM@._V1_QL75_UX400_.jpg
c42204d3-30ed-442e-a0ea-5278a1946d5f,tt1212911,https://m.media-amazon.com/images/M/MV5BMTkzNjQzNTkwOV5BMl5BanBnXkFtZTcwNjYzMjY2MQ@@._V1_QL75_UX400_.jpg
c47ef26a-b87a-49ba-bb87-c226850d6c74,tt1083987,https://m.media-amazon.com/images/M/MV5BMTM5NzQ0NDI5MV5BMl5BanBnXkFtZTgwNTYwMjA2MDE@._V1_QL75_UX400_.jpg
c4946233-cdba-4dac-94ee-f99015b54c7c,tt0096175,https://m.media-amazon.com/images/M/MV5BMzNiMThkMWMtMzg2ZS00MDYxLWE1ZjktMWI4OTllMTRiYzc4XkEyXkFqcGc@._V1_QL75_UX400_.jpg
c49c1df9-6d06-47b7-87db-d96190901fa4,tt6702944,https://m.media-amazon.com/images/M/MV5BMzA2NTZkNjgtZDE1OC00M2NlLWE4NDEtMDc2NTQ5MWNkMjIwXkEyXkFqcGc@._V1_QL75_UX400_.jpg
c4c5e3de-c0c9-4091-b242-ceb331004dfd,tt0121765,https://m.media-amazon.com/images/M/MV5BNTgxMjY2YzUtZmVmNC00YjAwLWJlODMtNDBhNzllNzIzMjgxXkEyXkFqcGc@._V1_QL75_UX400_.jpg
c4d36327-b330-4506-a63d-fef69d3f2f8a,tt0362179,https://m.media-amazon.com/images/M/MV5BMzllODI0MjEtN2FmMS00MjVkLWJjNDMtNjI5YzUzZWNiNWM5XkEyXkFqcGc@._V1_QL75_UX400_.jpg
c516192c-fa26-431f-bb42-4fb6c6075998,tt0374001,https://m.media-amazon.com/images/M/MV5BODM4NWMwMjAtNDc4Zi00YjUyLWI5MjAtY2UxMzBkNDY5ZWJmXkEyXkFqcGc@._V1_QL75_UX400_.jpg
c5653bd8-56b5-4530-90b2-34ce1a2ba6db,tt0292254,https://m.media-amazon.com/images/M/MV5BMDAxZjA1YjgtMjYzNS00YTg1LTk4NTktNWM5ZjVlNTIwYTk4XkEyXkFqcGc@._V1_QL75_UX400_.jpg
c5d268c2-54d4-4220-a9f4-1f072f4e0927,tt0367444,https://m.media-amazon.com/images/M/MV5BNTcwNmYyOWQtMDhiYS00NTdjLWJlODUtMDJkNmU1OWYxOGMyXkEyXkFqcGc@._V1_QL75_UX400_.jpg
c604ca5d-4d07-4412-a7f6-ebb3942232b5,tt6772706,https://m.media-amazon.com/images/M/MV5BZjU1OTgzOTQtOGQ0ZS00ZjY0LTk2NGMtYmJiOGI5ZjAyMWQwXkEyXkFqcGc@._V1_QL75_UX400_.jpg
c60cb56f-eb05-45d2-be26-eacfd21c1d65,tt0438453,https://m.media-amazon.com/images/M/MV5BMjcyMzJlZDgtNjQ5MC00ZWZlLThiM2YtNTU3ZjVjOTQ1ZDg4XkEyXkFqcGc@._V1_QL75_UX400_.jpg
c69c0c98-1eef-4bc1-92da-192d7b637d58,tt11518196,https://m.media-amazon.com/images/M/MV5BYmM0NjRkOGItZjM4NC00Y2YwLWEyYmYtZDExOGVhNDNmZTBiXkEyXkFqcGc@._V1_QL75_UX400_.jpg
c71db79a-6978-46da-9b89-43a92ebfceac,tt0420676,https://m.media-amazon.com/images/M/MV5BYWMxZmUxZjAtNDg4Ny00NDZjLTlhYWItYjM2NGUxZTFmOWEwXkEyXkFqcGc@._V1_QL75_UX400_.jpg
c73a6afc-acad-4d10-9e36-b8f073d16172,tt8352934,https://m.media-amazon.com/images/M/MV5BZDhhYWU1ZTMtMjYwYi00MTI4LWE0ZTEtZGZmNjc0ZDc5YmZhXkEyXkFqcGc@._V1_QL75_UX400_.jpg
c7bd11a4-30bf-4077-a618-97c3e5525427,tt0427053,https://m.media-amazon.com/images/M/MV5BZjYzMTUwNGQtNmUyNi00ZjhkLWJlODktYzE1NWI4M2NiYTI1XkEyXkFqcGc@._V1_QL75_UX400_.jpg
c8316f09-81ca-4b71-a879-405e740acee5,tt1605791,https://m.media-amazon.com/images/M/MV5BMTU3MTcyOTA5N15BMl5BanBnXkFtZTcwMzQ0NzE5OQ@@._V1_QL75_UX400_.jpg
c8f57f93-b02a-40d4-ba55-9600cceddd7e,tt1643247,https://m.media-amazon.com/images/M/MV5BMTNjZDZhZGItY2I1Ny00NzU4LThmMDYtMTJmZGNmOGRkZTQwXkEyXkFqcGc@._V1_QL75_UX400_.jpg
c97c8fbc-4084-4e9b-a486-eb5fcfe6104b,tt1316577,https://m.media-amazon.com/images/M/MV5BMTc0MTI4ODU4OV5BMl5BanBnXkFtZTcwMTczNTc2Mg@@._V1_QL75_UX400_.jpg
c9e1f6f0-4f1e-4a76-92ee-76c1942faa97,tt5171438,https://m.media-amazon.com/images/M/MV5BOTZkZTc1ZmYtYTA3Mi00MzZhLWFmZTItZTM2NThjYWJlZGU4XkEyXkFqcGc@._V1_QL75_UX400_.jpg
ca3a8b7d-15cd-48d4-8cef-f02b225d04cb,tt2512962,https://m.media-amazon.com/images/M/MV5BMTQzNDE3MTIxNV5BMl5BanBnXkFtZTgwOTU1MjEwNDE@._V1_QL75_UX400_.jpg
cab78c14-7872-4e6b-b048-deb24e8da1ef,tt2197331,https://m.media-amazon.com/images/M/MV5BMTM1MTI0MTQ3Ml5BMl5BanBnXkFtZTcwMjczMTgwOA@@._V1_QL75_UX400_.jpg
cadefb3c-948c-4363-9f34-864cbc6d00d4,tt0387563,https://m.media-amazon.com/images/M/MV5BMGMwNmY0YTUtODA3NC00OWM1LThhNzktZjU2MDlkYjA3N2I1XkEyXkFqcGc@._V1_QL75_UX400_.jpg
caf1cfd1-2081-4d4a-b87c-a3659c1077cb,tt1842364,https://m.media-amazon.com/images/M/MV5BNWVhMDk0YTEtODRmNy00ZGM0LTgxNjYtNGE1NjQ1MzFkODc3XkEyXkFqcGc@._V1_QL75_UX400_.jpg
cb5a111a-29ee-4a3b-8425-f65eb6dc1949,tt0483215,https://m.media-amazon.com/images/M/MV5BZDI1NDBlYjQtMzRhOC00MGUxLWJjMDItMDYxZTA3ZGQ4OTMxXkEyXkFqcGc@._V1_QL75_UX400_.jpg
cc397479-a5f8-488f-bd7f-7fbb94ec6e18,tt8806524,https://m.media-amazon.com/images/M/MV5BODEzZWRiYWQtYjMwYi00YThhLWE4OWEtMzY2MWMxNWNhYzY5XkEyXkFqcGc@._V1_QL75_UX400_.jpg
cc4a05f1-1900-402c-8f69-a97ce2e33f6f,tt0225337,https://m.media-amazon.com/images/M/MV5BODQwNzYwMTMtYTRmYS00YzYyLWJiNWMtOGVjNmYxMDU3OGExXkEyXkFqcGc@._V1_QL75_UX400_.jpg
cc75c41e-c4b4-4544-b70a-2b59f7013744,tt1776196,https://m.media-amazon.com/images/M/MV5BMTY2OTY4MDk4NF5BMl5BanBnXkFtZTcwMzA0NzExNw@@._V1_QL75_UX400_.jpg
cc917adf-6327-4773-bc21-936995f84391,tt0292568,https://m.media-amazon.com/images/M/MV5BMTgzMTA3MDUzOV5BMl5BanBnXkFtZTcwMjAxOTgxMQ@@._V1_QL75_UX400_.jpg
ccaff3f0-b2e9-4993-9708-a1c1fcef337a,tt0214159,https://m.media-amazon.com/images/M/MV5BN2ViYjIyYjUtNzM3Yy00ODE3LWJiOTYtMmJkMTk0NTZjOTE4XkEyXkFqcGc@._V1_QL75_UX400_.jpg
cd19b384-babd-4b0c-ba0a-5c272bcf0238,tt4118680,https://m.media-amazon.com/images/M/MV5BNDk1YTFjNzYtYzcyYy00ZDNhLWFkODgtYThhZDU2NzU0M2RiXkEyXkFqcGc@._V1_QL75_UX400_.jpg
cd54d6fb-0aa4-4262-845f-6d32665613a8,tt0299155,https://m.media-amazon.com/images/M/MV5BNGIwOTU3NGYtYzk5MC00OWFhLWFhYjYtODM1M2VmODkxZDQxXkEyXkFqcGc@._V1_QL75_UX400_.jpg
cdd0d1bf-e473-4cfd-bf4a-31e42a5df212,tt0120478,https://m.media-amazon.com/images/M/MV5BMTY3NjkzNTctYzY3NS00MTM2LTlkNzQtNTgyNmE5MjU1MjM4XkEyXkFqcGc@._V1_QL75_UX400_.jpg
cddf9b8f-27f9-4fe9-97cb-9e27d4fe3394,tt2488496,https://m.media-amazon.com/images/M/MV5BOTAzODEzNDAzMl5BMl5BanBnXkFtZTgwMDU1MTgzNzE@._V1_QL75_UX400_.jpg
ce5f678a-0ba5-44be-840a-0c362236ce4b,tt0364026,https://m.media-amazon.com/images/M/MV5BMGEzMjNhNDEtNDc2OC00YzVmLWJmODUtMDQyMTliOWI2MjgxXkEyXkFqcGc@._V1_QL75_UX400_.jpg
ce7a7670-9cb7-47c6-b64d-c62103fa559c,tt2566858,https://m.media-amazon.com/images/M/MV5BOTk1Nzc1OWUtM2JmMS00OTA3LWIxMmItMjhiYjRmNDIxMDUwXkEyXkFqcGc@._V1_QL75_UX400_.jpg
ce9b1e74-6a46-4fa7-8792-d6fce088b96a,tt1531780,https://m.media-amazon.com/images/M/MV5BMTVlNDg1ODgtODNiOC00YTNmLTljYmMtZThjNzU4ZTYzZjNhXkEyXkFqcGc@._V1_QL75_UX400_.jpg
d00b4974-e2fd-4bb3-9a7d-10df8fa2f737,tt0215583,https://m.media-amazon.com/images/M/MV5BMTMyODQ0NTA1MV5BMl5BanBnXkFtZTcwMTI0OTcxMQ@@._V1_QL75_UX400_.jpg
d1099968-805e-4a2b-a2ec-18bbde1201ac,tt1334272,https://m.media-amazon.com/images/M/MV5BNTBhYjNhYTItYTM3YS00OTk3LTljNDItNzM3OTBiNWNmYzFhXkEyXkFqcGc@._V1_QL75_UX400_.jpg
d110b83c-48a8-4b05-977a-1184f7292f45,tt0329241,https://m.media-amazon.com/images/M/MV5BYjhkZTAxYzYtZDIyMC00NGEyLTk3MmQtYjMwMmJhNjJhNmNmXkEyXkFqcGc@._V1_QL75_UX400_.jpg
d1dbd013-ed91-4ab4-a7e1-2061a1e072a7,tt0027471,https://m.media-amazon.com/images/M/MV5BYTJmYjk0OTUtNzhlZi00ODU3LThkMjUtYjE1NWIyNThjYjU3XkEyXkFqcGc@._V1_QL75_UX400_.jpg
d1e24e68-1c00-4d81-8dff-9d126c1a6a5e,tt0131029,https://m.media-amazon.com/images/M/MV5BMzNiNDdkZGItZDFiZS00ZGQ0LThmMmEtZjE1Y2I1M2FmYjZkXkEyXkFqcGc@._V1_QL75_UX400_.jpg
d23551b8-a8c0-475d-94d6-704ef9dcdbce,tt0233274,https://m.media-amazon.com/images/M/MV5BMTUzOTg4NjQ1NF5BMl5BanBnXkFtZTcwODgzOTIyMQ@@._V1_QL75_UX400_.jpg
d2d9b15d-a134-446a-af51-eb8c5207fd46,tt0835378,https://m.media-amazon.com/images/M/MV5BODQ2ZDIyMjQtYTQwOS00ZDg5LWE5YjMtOTBiOTY1MjFmYmE2XkEyXkFqcGc@._V1_QL75_UX400_.jpg
d2de739d-49e5-4308-947d-d683a3f07aca,tt0089877,https://m.media-amazon.com/images/M/MV5BNDliYTYzMDgtMjAwYy00OGRkLWFmZTgtY2E0M2NhMjM0MDAzXkEyXkFqcGc@._V1_QL75_UX400_.jpg
d38bced9-f39d-47b5-ad4c-5052d76c0246,tt0120198,https://m.media-amazon.com/images/M/MV5BYmIxNjZkYWItNmM2YS00MjM4LTlkMTUtOThiYjI1MzdhZWZlXkEyXkFqcGc@._V1_QL75_UX400_.jpg
d391a7f9-5577-4a0b-a696-c2550317b948,tt0360295,https://m.media-amazon.com/images/M/MV5BYTY3MGM1NzQtNmZjZi00ZTdjLWIyNzAtN2U4MTNkMTZlNDhjXkEyXkFqcGc@._V1_QL75_UX400_.jpg
d395151d-1c96-4c1b-93ad-4195eba6491b,tt0264040,https://m.media-amazon.com/images/M/MV5BYzU3YmY4N2YtNTk5My00NTJmLWJmNTMtMjQ1MzQ3ZGRjMGZmXkEyXkFqcGc@._V1_QL75_UX400_.jpg
d4b010a5-2648-4850-b15d-307658020923,tt2008565,https://m.media-amazon.com/images/M/MV5BZDM4YzUwZDQtOTZiNS00ZGMxLTg3MTQtOGQyZDdmNzU3MzBmXkEyXkFqcGc@._V1_QL75_UX400_.jpg
d553bc7b-02ce-47fd-bb30-03fc396ee3a6,tt5772830,https://m.media-amazon.com/images/M/MV5BYWNlNzhkZjAtMWM2OS00NTEwLTgwNGYtN2U0ODgyOGFkZWVkXkEyXkFqcGc@._V1_QL75_UX400_.jpg
d569ac4e-4e9f-4dcd-af3b-8267118d4664,tt2095765,https://m.media-amazon.com/images/M/MV5BMjIyMzc5ODczMV5BMl5BanBnXkFtZTgwMDQzNjA2MDE@._V1_QL75_UX400_.jpg
d659ae8e-c32c-43ac-90a0-e71d85777724,tt0091238,https://m.media-amazon.com/images/M/MV5BMjEzMTk5ODIxNl5BMl5BanBnXkFtZTcwMjQ4NjUyMQ@@._V1_QL75_UX400_.jpg
d6a7409f-87cd-49d7-8803-951a7352c2ce,tt0292256,https://m.media-amazon.com/images/M/MV5BMjJhYjg4ZjktYTU2MS00ODcwLTk3OGQtZWViMTE1N2YyZGMyXkEyXkFqcGc@._V1_QL75_UX400_.jpg
d718c261-e954-4615-97f8-9ba67cd823a9,tt5896468,https://m.media-amazon.com/images/M/MV5BYjdiZGViZDgtMDc2MS00OTk4LWE5NGQtODc3OWZkM2NhZDBmXkEyXkFqcGc@._V1_QL75_UX400_.jpg
d755d600-296a-4c91-98b9-17107a5e63f5,tt6661312,https://m.media-amazon.com/images/M/MV5BOTkxMjI0ODAtNGNhYy00NzkwLTkxZGMtZjNiNWM0NTg5ZTZhXkEyXkFqcGc@._V1_QL75_UX400_.jpg
d77e45fc-2b84-442f-b652-caf31cb07c80,tt1020990,https://m.media-amazon.com/images/M/MV5BMTcyZWQyZTAtYmUxZS00YjFmLTg1M2ItYjY3OTE1Yjg5NjEzXkEyXkFqcGc@._V1_QL75_UX400_.jpg
d895fded-2ea1-4889-b93e-971c58bee8e1,tt1578859,https://m.media-amazon.com/images/M/MV5BODk4ZDZjOWMtODBhMy00MDA1LTlmZWUtMzY0NjFkOTMyNGQxXkEyXkFqcGc@._V1_QL75_UX400_.jpg
d94787ee-8cf4-45a3-88a3-0be4a21becbe,tt6071476,https://m.media-amazon.com/images/M/MV5BYmY5OWM5YmYtNjVmNy00NWRlLTkzMmUtZGUzMzRiNTI0MjI2XkEyXkFqcGc@._V1_QL75_UX400_.jpg
da6b0478-95c2-4223-9b18-cb86d63f41cb,tt0151378,https://m.media-amazon.com/images/M/MV5BODBkNjU1NzgtZjYwYi00YTUyLTk2YTQtODUyZDA3ZWYyZWRhXkEyXkFqcGc@._V1_QL75_UX400_.jpg
da82ccd5-5dc2-4c68-8bc5-01cf3d3001f0,tt3007348,https://m.media-amazon.com/images/M/MV5BMTk0MzU3NTMxMF5BMl5BanBnXkFtZTcwOTEwOTg3OQ@@._V1_QL75_UX400_.jpg
daa33ede-ee33-4da9-93b9-cc3819b04358,tt0324065,https://m.media-amazon.com/images/M/MV5BOTM2YmFkYzktOGE2Mi00N2VjLTk2NzEtOWQ5YmY4MWYwNTg1XkEyXkFqcGc@._V1_QL75_UX400_.jpg
daae47e4-cbd0-4ffd-a150-55201b357d5b,tt0486613,https://m.media-amazon.com/images/M/MV5BYjU2OWU2MjUtZTlmOC00M2EzLThlMDAtNzAwNDQ5YzhlMzAyXkEyXkFqcGc@._V1_QL75_UX400_.jpg
db2e638f-f980-4767-b6c7-2ad0fb19232b,tt0190804,https://m.media-amazon.com/images/M/MV5BYjA5Yjk3NDQtN2UyNS00NDUzLTgyZWQtZDlhMGU5ZThiYjQ5XkEyXkFqcGc@._V1_QL75_UX400_.jpg
db594b91-a587-48c4-bac9-5c6be5e4cf33,tt0125516,https://m.media-amazon.com/images/M/MV5BZDFhZTI5ZWItNzc0Yi00YWM1LThjNmQtNzhiYjE2MWY2M2UwXkEyXkFqcGc@._V1_QL75_UX400_.jpg
db5dcded-29da-4c96-91a2-df1407f0a80a,tt0069637,https://m.media-amazon.com/images/M/MV5BMGRiMDUwMjctOTAwMi00YTNmLTk4YmQtOGIwOGM1MmMxZjEwXkEyXkFqcGc@._V1_QL75_UX400_.jpg
dbb9b244-483b-4592-9194-4938338419bc,tt0216129,https://m.media-amazon.com/images/M/MV5BZjM5NTAwNjctMzVkMi00NTZmLTgyNGQtNDNkNmMxMGMzYjI3XkEyXkFqcGc@._V1_QL75_UX400_.jpg
dceab335-df68-4ee5-8b8d-6fb8d9a68041,tt0221709,https://m.media-amazon.com/images/M/MV5BMjE5Nzg0MDcwMl5BMl5BanBnXkFtZTcwMjA1NjkxMQ@@._V1_QL75_UX400_.jpg
dd007623-ae26-4acc-acf4-6664fa79584f,tt0339724,https://m.media-amazon.com/images/M/MV5BYjY5ZTAwOTAtNzg2Yi00MDhiLWE3YTEtMThjYzBiNzUzNzE5XkEyXkFqcGc@._V1_QL75_UX400_.jpg
dd410e88-0c6a-4954-80ac-4c004bcba229,tt1307479,https://m.media-amazon.com/images/M/MV5BODlkOTI2YzMtZGVmMC00ODBlLWJkZmQtODA1Y2JiZGM1MzgxXkEyXkFqcGc@._V1_QL75_UX400_.jpg
dda2478e-b12e-4ac9-a0fb-815174073f96,tt1397502,https://m.media-amazon.com/images/M/MV5BMjEwNjc5NjY0OV5BMl5BanBnXkFtZTgwODQ1MzgyMjI@._V1_QL75_UX400_.jpg
de003e52-3634-4285-b3e1-1df436f1ae53,tt0399977,https://m.media-amazon.com/images/M/MV5BYjk5MTcxNzMtNTU5MC00MTU5LWI3NjctZWJkMDNjZmEwMzk4XkEyXkFqcGc@._V1_QL75_UX400_.jpg
de3f7ec5-1652-49dc-bac0-f49afdbc925a,tt0038153,https://m.media-amazon.com/images/M/MV5BN2U4ZmJhOWYtYmFhMi00OWY0LTgwYTAtNGZhOTFhY2Y0MmY0XkEyXkFqcGc@._V1_QL75_UX400_.jpg
de5347cf-a70d-430f-8005-786326e28794,tt0112178,https://m.media-amazon.com/images/M/MV5BMmM2YjBjYzItYmFlOC00MDllLWJiOTQtNjY0MGY5NWI1MDFmXkEyXkFqcGc@._V1_QL75_UX400_.jpg
deb455c4-3849-4990-9935-1c2fedf56e7b,tt0379146,https://m.media-amazon.com/images/M/MV5BN2UzYWJiNDMtNmMxYy00YWM0LTgwNzYtNzk0ZDM2ZmRlOTc3XkEyXkFqcGc@._V1_QL75_UX400_.jpg
ded3515c-3220-42f4-9ec6-0d04556229e9,tt1179021,https://m.media-amazon.com/images/M/MV5BZTM3NjhjODgtYTlmMy00MTIwLTk4MTYtOTBjODcyOTY0ZjA4XkEyXkFqcGc@._V1_QL75_UX400_.jpg
dfcfd374-384c-44be-9d73-c75151fdc5c5,tt7856268,https://m.media-amazon.com/images/M/MV5BMDUyYTgwZWMtODE1My00MmE4LWFlMTItNzAwNDAyYzE3YTA1XkEyXkFqcGc@._V1_QL75_UX400_.jpg
e0b5afee-cc51-419b-b17e-8ee6bc019dc3,tt10300394,https://m.media-amazon.com/images/M/MV5BNjU3NjZiYTMtMmFlMy00Yjk1LTg5YzctOTVlNjk4ZjYwZDU0XkEyXkFqcGc@._V1_QL75_UX400_.jpg
e0ff213f-7d62-4c02-8d28-786913d31d29,tt0457490,https://m.media-amazon.com/images/M/MV5BMTU2MTYzMTIxOV5BMl5BanBnXkFtZTgwMDQ3MDU1NjE@._V1_QL75_UX400_.jpg
e107d0cf-6ab3-4bff-9922-e3b655215b53,tt0416908,https://m.media-amazon.com/images/M/MV5BYzMxYjM5NTAtMThjMC00NTQ1LWFmNzYtYWVlNjYxZTI1ZTUxXkEyXkFqcGc@._V1_QL75_UX400_.jpg
e1a0448f-5160-4ee3-b3a6-84519fbfb53f,tt0276526,https://m.media-amazon.com/images/M/MV5BODI4YTU0N2YtZmE3Yy00YjRmLWJjNGQtZDFlOTlkOWI4ZGY4XkEyXkFqcGc@._V1_QL75_UX400_.jpg
e2db51c4-096c-44fd-bdf7-cbaa4052d808,tt1510906,https://m.media-amazon.com/images/M/MV5BY2Q5YjAyMGQtYTRkZi00M2Y3LWEwYTQtYjZmZjM4ZDNjZWUzXkEyXkFqcGc@._V1_QL75_UX400_.jpg
e3153398-ed5b-48af-9f33-239e536ed160,tt0201172,https://m.media-amazon.com/images/M/MV5BMzFiYjM1ZjgtNTI1OS00Mzc2LTgwM2YtZmY1NWRmOTBlM2Q5XkEyXkFqcGc@._V1_QL75_UX400_.jpg
e37dacc2-8669-4f40-990e-c4e2ab98ae8c,tt0380003,https://m.media-amazon.com/images/M/MV5BYjY1NzJmYzMtMDk2Yi00MjJkLWJjYzEtMTVlYzNjOWU4M2E2XkEyXkFqcGc@._V1_QL75_UX400_.jpg
e427011c-e6e7-491b-95db-128598f26684,tt1161951,https://m.media-amazon.com/images/M/MV5BZjNjYzcwYzYtMWZhYS00MmM5LWFiNWEtMTdiMWRiMTZkMTQ2XkEyXkFqcGc@._V1_QL75_UX400_.jpg
e44b50ef-485f-46ca-973c-4c78c94b6f73,tt3844272,https://m.media-amazon.com/images/M/MV5BMjYzNjFlN2QtY2I4NC00ZjlhLTgyOTgtYmQxYTFmMDNmNGM0XkEyXkFqcGc@._V1_QL75_UX400_.jpg
e4626af1-7fd5-414b-ba82-fbfcd3a1155d,tt10795954,https://m.media-amazon.com/images/M/MV5BMTVhYjc2NDgtYjM5YS00YzQ4LWE1MGYtMzg2ZjFmOWRhYzk0XkEyXkFqcGc@._V1_QL75_UX400_.jpg
e4685c58-06eb-4575-a5e6-9932fbf84794,tt6779076,https://m.media-amazon.com/images/M/MV5BYzJkMzFlOWUtNTEwMS00NjA5LTgzYzEtYzdmYjc0YTc5ZGY1XkEyXkFqcGc@._V1_QL75_UX400_.jpg
e49c02da-e7ee-4da7-bae4-538a5dc7c0f2,tt1258119,https://m.media-amazon.com/images/M/MV5BMGY1ZmU1YjgtMmUwZi00ZjdlLTkxNzItN2FjZDY4Mzg1OWNmXkEyXkFqcGc@._V1_QL75_UX400_.jpg
e50d4e5c-1cbc-4711-86ee-5df90c8aacc7,tt0413308,https://m.media-amazon.com/images/M/MV5BOThkMjdmYWUtZDFlYy00YTM4LWFkNTEtZTY2ZDVlMzg1MWMwXkEyXkFqcGc@._V1_QL75_UX400_.jpg
e55053e5-049e-4f62-b907-7e3ffe362401,tt0352088,https://m.media-amazon.com/images/M/MV5BNTNhY2YwNTktMWI5My00ODc4LTkxZTItNTE1MDI0NDEzMjI0XkEyXkFqcGc@._V1_QL75_UX400_.jpg
e5974732-dce9-42ea-a26c-269e5047cb6d,tt3288558,https://m.media-amazon.com/images/M/MV5BOGYxOTljODQtYmE2MC00ZjIxLTlhN2QtOTUxMmVkY2Q5OTcwXkEyXkFqcGc@._V1_QL75_UX400_.jpg
e5a21648-59b1-4672-ac3b-867bcd64b6ea,tt5691474,https://m.media-amazon.com/images/M/MV5BYmExZDNiMTUtZDJlMS00ZGU0LWFjZmQtODhjNTBkNDliZGE5XkEyXkFqcGc@._V1_QL75_UX400_.jpg
e5fa58c0-d4f9-4454-be72-0ef0df56be9d,tt30886418,https://m.media-amazon.com/images/M/MV5BNDkzZjcyYWEtNWViZS00YmU5LTk3YWYtODg5YjdlMWViOThlXkEyXkFqcGc@._V1_QL75_UX400_.jpg
e71029dc-a032-41a0-bf50-940db8f54f54,tt0476057,https://m.media-amazon.com/images/M/MV5BY2M2NDY4OWItOWQ3ZS00MGQ1LTljODctOGU5Y2ZmOThlMGY1XkEyXkFqcGc@._V1_QL75_UX400_.jpg
e7367126-3abe-42fc-8941-8b6935b86490,tt2512472,https://m.media-amazon.com/images/M/MV5BM2JiOWFmNjctMjI0OC00OWJhLWI2ZGEtN2JiYjNjZWUyNmI3XkEyXkFqcGc@._V1_QL75_UX400_.jpg
e79b49dc-a5d9-46ec-a2c6-4cead985d732,tt0300511,https://m.media-amazon.com/images/M/MV5BODdiOGM0MGMtZDM0Ni00OWFkLTgwOGYtMWI3ZTFiYWM0MzZiXkEyXkFqcGc@._V1_QL75_UX400_.jpg
e7e6d147-cc10-406c-a7a2-5e0be2231327,tt11356948,https://m.media-amazon.com/images/M/MV5BZTIzZjM2OGEtY2M1Ni00YTE2LTlmNDQtN2MyNWZhMmQyOWRjXkEyXkFqcGc@._V1_QL75_UX400_.jpg
e7f32409-cc55-4af7-ad30-74558a904467,tt8019044,https://m.media-amazon.com/images/M/MV5BODU5YzM5MWMtYTE4NS00OWEzLThmNjAtMGNhMWNlOGE5OTA4XkEyXkFqcGc@._V1_QL75_UX400_.jpg
e891bebc-786c-4fe8-948e-c6d4007146f9,tt7315180,https://m.media-amazon.com/images/M/MV5BOGExZTYzZGItZGYyZS00ODZlLThhMDktODE0MDU4YTg0NzE1XkEyXkFqcGc@._V1_QL75_UX400_.jpg
e8c6825b-69f5-4aac-9960-23fa2b803339,tt1408087,https://m.media-amazon.com/images/M/MV5BYWFhMTBmNWQtYWQyYi00MDkzLWFhYmUtYTI0NDViYmU2NTdiXkEyXkFqcGc@._V1_QL75_UX400_.jpg
e95044a7-1f66-4164-9650-3bf2132d7119,tt0252108,https://m.media-amazon.com/images/M/MV5BZDQzZGU3NjktZTI2Ny00MTU1LWI5NTgtM2I1ZWJkOTZiNzUxXkEyXkFqcGc@._V1_QL75_UX400_.jpg
e95d3ab7-d242-4b63-847c-f3ef5177c499,tt0010049,https://m.media-amazon.com/images/M/MV5BMzA3NTdkYzktZjBkYS00YTZkLTg5ZjEtN2RmN2FhYThhYjQxXkEyXkFqcGc@._V1_QL75_UX400_.jpg
e99620fb-11bb-481b-8702-a14efa6bb0ef,tt0827187,https://m.media-amazon.com/images/M/MV5BYzY4ZjgwZGMtODRkZi00ZDU0LWJhZGUtN2ZmZGM4ZjYwOTAwXkEyXkFqcGc@._V1_QL75_UX400_.jpg
e996369b-d49e-4fbb-8563-c17561dca515,tt0292255,https://m.media-amazon.com/images/M/MV5BNzcxMWU0YzQtOTdlNy00MzY0LWI0ZDctM2M5ZjJhOTk4YjhlXkEyXkFqcGc@._V1_QL75_UX400_.jpg
e9bba41c-d091-4d4f-890f-ae4e22dde857,tt0032724,https://m.media-amazon.com/images/M/MV5BZGFkN2IyNjAtYzRiZS00NmQyLWE1MjItMTI1ZjBkOWYzYjQ0XkEyXkFqcGc@._V1_QL75_UX400_.jpg
ea434935-cb62-4012-9138-be74435890cd,tt2758770,https://m.media-amazon.com/images/M/MV5BMTg1ZWIzNDAtNmFhOS00ZjhiLTg5ZWEtOWI4YzIzZTMxNGE2XkEyXkFqcGc@._V1_QL75_UX400_.jpg
ea9a96db-e224-4b95-8da8-985a8f8c183c,tt5273610,https://m.media-amazon.com/images/M/MV5BODIyMmM3MmMtNDZiMC00ZmZkLWE2NWUtN2NiOGJkOWQ0ODc0XkEyXkFqcGc@._V1_QL75_UX400_.jpg
eb075c31-9f9a-4e14-a8ba-b777585f8afa,tt0038115,https://m.media-amazon.com/images/M/MV5BMWNmY2I0MjctYzJiMi00OTNkLTkyMzgtZjNjNzE0NjZhNjk4XkEyXkFqcGc@._V1_QL75_UX400_.jpg
ec331f11-2f9f-4dd0-89cf-227f53067225,tt2779140,https://m.media-amazon.com/images/M/MV5BNDU4MmZlN2QtYjc4MC00Yjc3LWJmOTMtZDIwNGU0Yzc5OGNjXkEyXkFqcGc@._V1_QL75_UX400_.jpg
ec8bad1c-7643-49b3-93b5-cee9c8c1e602,tt0284515,https://m.media-amazon.com/images/M/MV5BNDY4YTU0YjktZWI5Ny00YTQ2LWEzODMtY2EzNTIzNTUyMTM5XkEyXkFqcGc@._V1_QL75_UX400_.jpg
ecf47e62-2f0e-4453-aef0-ddb59861fefc,tt0454957,https://m.media-amazon.com/images/M/MV5BZTk1NGFmYjQtMWM3My00NzQyLTkzYTAtZTNmN2UwNDZmZTk0XkEyXkFqcGc@._V1_QL75_UX400_.jpg
ed2fb2c4-faea-4d1c-b1e0-a49973e21698,tt28069611,https://m.media-amazon.com/images/M/MV5BZWFkM2JmMDktNWEyNS00NGRkLTk3NDMtMzA5YjQyMTM0NWI5XkEyXkFqcGc@._V1_QL75_UX400_.jpg
eda3be8d-d0bd-4cf6-84ed-7bf80c371605,tt0844485,https://m.media-amazon.com/images/M/MV5BYzAyYTM2OTItNTdhNi00ODg3LWE0NTktYjZjM2NlYmU1MWM4XkEyXkFqcGc@._V1_QL75_UX400_.jpg
edb9d4d9-0e13-476c-960c-26f97f264ecb,tt2226344,https://m.media-amazon.com/images/M/MV5BMjMwOTczNDg5Ml5BMl5BanBnXkFtZTcwNjk3NzkwOA@@._V1_QL75_UX400_.jpg
edeaa714-5ee5-4032-b1cf-fe8b0e8a2cfa,tt0350342,https://m.media-amazon.com/images/M/MV5BNDE1ZDA4NzQtMmFkMi00OWNlLWI3YmQtNzU4MWEyNTU0NDcxXkEyXkFqcGc@._V1_QL75_UX400_.jpg
ee580283-32db-4181-9f11-bd9d171944c3,tt5430544,https://m.media-amazon.com/images/M/MV5BYmY0ZmY5MTctMTQ0Mi00ZmM5LWFiZTEtNWM2MDFkMzMyMTNhXkEyXkFqcGc@._V1_QL75_UX400_.jpg
eed327be-1d0d-4adf-8391-8c8491747f59,tt0804909,https://m.media-amazon.com/images/M/MV5BYWU3Mzg3MTQtNTExYS00Zjk1LWEzODItN2I0MzgyNjc4ZDgzXkEyXkFqcGc@._V1_QL75_UX400_.jpg
ef550a9c-3ad7-40f8-af50-b6614f6c1a6f,tt4137218,https://m.media-amazon.com/images/M/MV5BZjc1MmY0MjQtN2E0NC00ZDk1LWFiMzUtYmQyYzk5YTgxNmUxXkEyXkFqcGc@._V1_QL75_UX400_.jpg
ef74f021-4276-4747-8524-b428a7df787a,tt5270848,https://m.media-amazon.com/images/M/MV5BMTUxODg5MDA0OV5BMl5BanBnXkFtZTgwOTY4MTc2ODE@._V1_QL75_UX400_.jpg
ef7e780a-c018-4e73-bac4-ff9cdc99f7d7,tt1934404,https://m.media-amazon.com/images/M/MV5BMTdkM2RmZDAtYmZjMC00ZDFiLThkOTktNTAyOWIzMTgzM2IwXkEyXkFqcGc@._V1_QL75_UX400_.jpg
efd7fc0b-a496-45f8-be2e-1faaa47680e3,tt0176048,https://m.media-amazon.com/images/M/MV5BNGY0NjIzOGUtMzg2Ni00OGZhLWJjNmEtZTc1YjllNGEwYjFhXkEyXkFqcGc@._V1_QL75_UX400_.jpg
f061235e-779f-4a59-9eaa-fc533c3c0584,tt5710996,https://m.media-amazon.com/images/M/MV5BNmI3NTlhZDEtNTVmNy00ZGE2LWIxYmUtNDQxZWM5YWY0YmJkXkEyXkFqcGc@._V1_QL75_UX400_.jpg
f09581c8-f364-4673-836e-ef584e8ebcb7,tt9420480,https://m.media-amazon.com/images/M/MV5BMzExYTg4MDYtYjk0ZC00ZmIwLWFmYTQtZjczMzZkNDdiNWEwXkEyXkFqcGc@._V1_QL75_UX400_.jpg
f1e279b0-5604-4242-8f7a-b1d2d6ebf4f7,tt0044263,https://m.media-amazon.com/images/M/MV5BMTQ1MzY1Mzk5Nl5BMl5BanBnXkFtZTcwMTc5ODU5Mw@@._V1_QL75_UX400_.jpg
f20e8a75-a7b0-4204-b3e6-edbc366e31d4,tt5569572,https://m.media-amazon.com/images/M/MV5BYmM2YWIyNzItYzlkZS00OTdiLTk0MTQtMDIwNmI5OWNmODQ4XkEyXkFqcGc@._V1_QL75_UX400_.jpg
f241a62c-2157-432a-bbeb-9c579c8bc18b,tt8933914,https://m.media-amazon.com/images/M/MV5BZTdlM2U4MzItYTIyYy00YTc4LTgyNjAtN2NjMzBhZmM1MDRiXkEyXkFqcGc@._V1_QL75_UX400_.jpg
f2427707-c155-47cb-a6b1-5250013d2482,tt0805824,https://m.media-amazon.com/images/M/MV5BMTI4MTYwODUwN15BMl5BanBnXkFtZTcwNjQ0MTI3Mg@@._V1_QL75_UX400_.jpg
f24736c8-0161-485c-abe5-648b8dd7c075,tt8884168,https://m.media-amazon.com/images/M/MV5BNjdmYWRlYjUtMTZjMy00ZTIyLTgxNjktODUwOTczMGEwYThlXkEyXkFqcGc@._V1_QL75_UX400_.jpg
f3731b08-80b1-4687-aa31-62c483eb24ef,tt1205608,https://m.media-amazon.com/images/M/MV5BYmRjYmY0NzgtZjYzZC00MDEyLTk5YWYtODk1NzY0Y2Y3OTQ5XkEyXkFqcGc@._V1_QL75_UX400_.jpg
f393a3a6-3242-4cc5-936f-e0539247c050,tt1329422,https://m.media-amazon.com/images/M/MV5BNTkzNTczMTcyMl5BMl5BanBnXkFtZTcwODIwODYzNw@@._V1_QL75_UX400_.jpg
f40cffc5-723d-4c84-98b1-3d8fc324727d,tt1117633,https://m.media-amazon.com/images/M/MV5BM2ExNDk5MTktYzM0Yy00YTlhLWEzOTgtODFkZDY4OWNiMjdmXkEyXkFqcGc@._V1_QL75_UX400_.jpg
f553752e-71c7-4ea0-b780-41408516d0f4,tt0879261,https://m.media-amazon.com/images/M/MV5BNjg0MTlkYjEtM2NmOS00Y2U1LThiNGItZjAyOGQ3YzQ0MDYwXkEyXkFqcGc@._V1_QL75_UX400_.jpg
f55a39a4-55e9-434b-b80f-5fba492085d2,tt0366099,https://m.media-amazon.com/images/M/MV5BMjE1MTg3MDYxNl5BMl5BanBnXkFtZTcwMTExNDQzMQ@@._V1_QL75_UX400_.jpg
f58cf529-b482-4870-9990-0e08e6ef662a,tt0367037,https://m.media-amazon.com/images/M/MV5BYTEyYzcxMjAtNGI3MS00MGEyLTljYzgtMmJiMTcxNjkyMGYxXkEyXkFqcGc@._V1_QL75_UX400_.jpg
f5e487d3-6404-4bc3-b0cd-8305a3a7bfbd,tt0047731,https://m.media-amazon.com/images/M/MV5BMjExMzY0NjI4OF5BMl5BanBnXkFtZTcwNTEyMTYxMQ@@._V1_QL75_UX400_.jpg
f60241d5-119d-42f8-850a-ea56e8a15cf1,tt0160152,https://m.media-amazon.com/images/M/MV5BYjY2OGFhOGUtYjRmZi00ZDg0LTkwOWMtZTQ0OWEyOTdhNDRjXkEyXkFqcGc@._V1_QL75_UX400_.jpg
f67a2e55-41a9-4186-9d56-4ac0e18082eb,tt1814824,https://m.media-amazon.com/images/M/MV5BZDdkNWI5M2UtYTg0MC00ODQ1LWIzODAtZjE3MjQ3ZDU2Y2RiXkEyXkFqcGc@._V1_QL75_UX400_.jpg
f6bc0427-951a-4ab7-963b-f4f5981bed52,tt0124140,https://m.media-amazon.com/images/M/MV5BMTczODczMjktMmYxZS00MDMyLTg3ZDItM2UyOWQ4N2QxMTQ5XkEyXkFqcGc@._V1_QL75_UX400_.jpg
f6ca21a9-0a5e-4fea-9c26-7a17ed91cb40,tt0184974,https://m.media-amazon.com/images/M/MV5BOTBkMzk1MzAtYjJjMi00NjYwLWIxZDUtMTkxODZmYjMxNzlmXkEyXkFqcGc@._V1_QL75_UX400_.jpg
f6cfad60-864f-4591-b60c-360da7aff5a9,tt6343680,https://m.media-amazon.com/images/M/MV5BNjJhNzc4ZDUtNzYwNS00ODI2LWFiYTItZWMzNTE3OGUwM2U4XkEyXkFqcGc@._V1_QL75_UX400_.jpg
f73b492e-751e-446a-8c95-c291545033d8,tt0067787,https://m.media-amazon.com/images/M/MV5BODBkNzRmNTctODE0Yi00YjM1LWExNjYtMDExNmY1ZDYxMDg3XkEyXkFqcGc@._V1_QL75_UX400_.jpg
f745be30-4cce-4652-b858-372436a7ccfa,tt3843514,https://m.media-amazon.com/images/M/MV5BMTAzMTg3NDQ1OTheQTJeQWpwZ15BbWU4MDQ2NzY0MTIx._V1_QL75_UX400_.jpg
f75f574c-1103-4422-8018-07543151fb87,tt3501810,https://m.media-amazon.com/images/M/MV5BOTE2NzE2MjgwMV5BMl5BanBnXkFtZTgwMjg5MDAyMTE@._V1_QL75_UX400_.jpg
f773ab8a-2ebf-4de5-b3db-b3b73f78b61c,tt0289660,https://m.media-amazon.com/images/M/MV5BMTQwMzUyNzI0OF5BMl5BanBnXkFtZTcwMDQ4MTMyMQ@@._V1_QL75_UX400_.jpg
f7b7dc7e-d5cc-4ea2-bd66-7496b6551c61,tt0430506,https://m.media-amazon.com/images/M/MV5BYjVmZGQwYWMtY2FkYy00Mzc4LTk4YzYtYjc1N2I5ZTcyNGMyXkEyXkFqcGc@._V1_QL75_UX400_.jpg
f85791df-6407-4c06-b7be-0a694fa5dfd3,tt4885924,https://m.media-amazon.com/images/M/MV5BMWY2YzhmYjAtM2E2MC00NDU2LWE1ZDUtMWViM2FiMTY4ZDQ5XkEyXkFqcGc@._V1_QL75_UX400_.jpg
f8dd9e27-8b53-4579-b585-94510d705bd3,tt0284513,https://m.media-amazon.com/images/M/MV5BOTNhMDc1Y2MtZDEwYy00YWQzLWE5OGYtYjEyMDFlYTEzYTc5XkEyXkFqcGc@._V1_QL75_UX400_.jpg
f927a766-742d-4f2a-9f3b-bb6e65a0c00d,tt13423534,https://m.media-amazon.com/images/M/MV5BZTg5YWU5YTItODhmNy00ZWY5LWE0YjctZjZjMjc5MTQ2N2U5XkEyXkFqcGc@._V1_QL75_UX400_.jpg
f93bc068-26f8-4a9c-b718-61ce80ba42c6,tt0385503,https://m.media-amazon.com/images/M/MV5BOGEyNjA3NmYtZGM1My00Mjc5LWJhOWYtMWU3NjU1N2ZkNjlmXkEyXkFqcGc@._V1_QL75_UX400_.jpg
f94cfce9-fa49-4d36-ab4f-ae0ac9b6037b,tt2665182,https://m.media-amazon.com/images/M/MV5BNGVkZmUwYzMtZmM3MS00NTlhLTkxZGEtODc2NTAxNWQ4MTU2XkEyXkFqcGc@._V1_QL75_UX400_.jpg
f9f6d1b3-c546-4f9e-8bc4-132832e5e104,tt1314267,https://m.media-amazon.com/images/M/MV5BZGZkODQ2NDctZDllMy00ODIzLTkyYzUtZjRhM2ZlMjAwMmNkXkEyXkFqcGc@._V1_QL75_UX400_.jpg
fa98dd79-c515-4c06-a6ae-7d4be3c6425b,tt0216351,https://m.media-amazon.com/images/M/MV5BYjU4YjNmY2ItMDE5Yy00ZDNjLTg0MGMtYTZlMThmYmE4ZWE1XkEyXkFqcGc@._V1_QL75_UX400_.jpg
fbe9f7b7-6e83-4ecb-8ddf-f15a505c07e2,tt0116240,https://m.media-amazon.com/images/M/MV5BZWJiNWZkODMtYjYyNy00MGJkLWI1YTUtYjNkZmY5YjNlNDU2XkEyXkFqcGc@._V1_QL75_UX400_.jpg
fceabcf0-9879-4c76-9ad8-576802df33ff,tt0214753,https://m.media-amazon.com/images/M/MV5BODBmZTQ5ODUtOTAyOS00OGU4LTg0NGQtMTM4ZWQzOTM1YzBmXkEyXkFqcGc@._V1_QL75_UX400_.jpg
fd337efe-a136-4904-bab2-14c91813d6de,tt2322683,https://m.media-amazon.com/images/M/MV5BNDZlNjhlNTctNTVhNy00NDJiLTkzZGYtZTRiMmExMDBlMTBmXkEyXkFqcGc@._V1_QL75_UX400_.jpg
fd78a0e5-d4ec-435e-8994-4ccbdfc4e60b,tt6214846,https://m.media-amazon.com/images/M/MV5BMDdlODczMTItOTA4YS00MTRiLWEwMTEtYzEwN2ViNzFlYTMzXkEyXkFqcGc@._V1_QL75_UX400_.jpg
fd919eab-c5e2-4074-81c6-4f5b7b52248a,tt0064385,https://m.media-amazon.com/images/M/MV5BMzVmNTg5NTctMmY2NC00MGU1LWFhOWEtZTE3ZjY2MjY0NGJkXkEyXkFqcGc@._V1_QL75_UX400_.jpg
fdfc8266-5ece-4d85-b614-3cfe9be97b71,tt0361243,https://m.media-amazon.com/images/M/MV5BOTJiYzkwZDEtMDJkYy00ZmJiLTg3M2QtYjU3MmU4MzBiZDc2XkEyXkFqcGc@._V1_QL75_UX400_.jpg
fe12e428-be67-4bb9-9629-4ab1385dc8be,tt0479885,https://m.media-amazon.com/images/M/MV5BMjEyNjg0Mjg4Ml5BMl5BanBnXkFtZTcwOTc5ODQzMQ@@._V1_QL75_UX400_.jpg
fe3d6908-2991-442b-8e81-3ecc46ecc786,tt0075128,https://m.media-amazon.com/images/M/MV5BYmE3MTYxZmUtOWM5Ni00MzY4LWIxOWItNDkxYTVkNDVlZTJjXkEyXkFqcGc@._V1_QL75_UX400_.jpg
fe758dd4-9063-42d4-bf08-bdc7dbae3479,tt1288602,https://m.media-amazon.com/images/M/MV5BNzVmMzQ0MTItNDE0OS00OGU4LTk3OTEtNzJmYTYyM2UwM2RlXkEyXkFqcGc@._V1_QL75_UX400_.jpg
feddd90c-14b4-4a89-b6f0-625066d989fa,tt6078842,https://m.media-amazon.com/images/M/MV5BYzYwYjI1NGItYzViNS00YzU5LWIyNzQtYjVmMzllYWQzMDQ4XkEyXkFqcGc@._V1_QL75_UX400_.jpg
ff00b2a9-9e85-44af-922f-5f3504b82c15,tt0203945,https://m.media-amazon.com/images/M/MV5BNzIzMjI5ZDUtOTE5OC00OGFkLWEyN2MtMzYxNzA1ZmFlZjNiXkEyXkFqcGc@._V1_QL75_UX400_.jpg
ff750819-6004-426b-ae66-19a3ba15adcc,tt0325452,https://m.media-amazon.com/images/M/MV5BMjUzM2JlYjAtM2JjOS00YWFhLTllZjktNWQyODBhZDY2ODc4XkEyXkFqcGc@._V1_QL75_UX400_.jpg
